N,P,K,temperature,humidity,ph,rainfall,label
3.278751103739621,57.264620694893964,36.56645937283685,33.048159220768575,56.585733550610286,5.689060417382915,70.94283861389336,mothbeans
30.969553245234568,52.812002202666775,25.934338976939912,26.902887202686042,62.79543322186989,6.783415435260125,148.50097478294464,mungbean
20.28029035052114,125.50862949823426,204.66133441960486,30.642203646735783,79.67972405441282,5.51328120345858,104.20152984797261,grapes
21.755747859705643,65.07391096616448,26.306317439483262,14.28872344011874,65.53275646696434,7.114438089860088,44.478872670049284,lentil
18.68696533409786,68.19296661562865,26.176876182849185,30.359768722766685,41.21104512482521,5.560463647976888,106.7826091399584,mothbeans
67.06506497340847,63.06065902057014,50.96220882748824,18.3126700377369,59.542611650555926,7.244612705560803,70.64212717606031,wheat
53.21176701872537,79.7677861255156,93.61022644994475,25.713747888191687,79.63676086749338,5.737361112722894,169.53542507318696,papaya
36.68086847522226,48.71479654535726,18.251207768222002,12.552918916378147,40.11235284133854,7.064314969969671,37.50096878488464,lentil
12.22305837311303,20.35277871378869,17.639160380905377,24.107526616745755,54.58131473305393,7.4954857542188265,142.55558776967175,orange
106.69662122135324,40.510617060715894,74.86207425832991,31.70109287967089,70.28899559100235,6.2073683484510855,46.367922461506524,muskmelon
7.848626046811811,51.92480259927274,23.590442511405655,25.799650159469195,43.00095013201461,6.515480122623037,82.6259261163096,lentil
103.33515410358397,68.80146146184298,65.6459053154119,20.4092266670065,56.28173330042789,6.377698588360429,84.56959935039194,wheat
39.021093160836074,23.329669622029105,179.75231724618806,2.164696804805865,68.18045007438329,5.5896317733046175,195.9235435323822,apple
105.20028541786093,93.8167680680308,51.87200820207356,27.668251541242014,88.58927878791967,6.400963496038764,197.64827762008707,banana
25.05108952529047,75.05945609773008,17.82505488411929,36.28177052814412,72.88482801651963,6.220340831067601,122.46313368993937,mungbean
16.16080411451254,30.64678159818079,27.750064617805116,10.22784091271492,40.03610841727054,7.232197124298709,43.2311947134188,lentil
67.51114753215303,67.42261148915885,57.21223579597851,13.00787090050505,54.74783640224311,6.096313405612701,108.19714019143987,wheat
42.58169513905168,58.91374041610204,28.866451376763933,34.91014390202169,69.62711664215705,6.520091542460255,139.7282672135522,blackgram
113.90724791848866,99.7035950373538,67.17573952449705,36.98700682667439,87.40423537626167,6.3444263331200865,156.91415704542683,banana
114.35005036763567,76.14281569798405,68.09584570161707,30.913054922942674,87.79434170510623,5.815055969318655,152.36723999989852,banana
94.60190266770405,57.29748666866012,64.92689698128748,26.116426276577734,75.11075283712334,6.273937695379652,54.43851050190452,muskmelon
16.74860025346578,76.76420345146826,43.320259320182046,22.647258281906183,62.96296650234315,6.860588146093097,93.23387095947562,pigeonpeas
99.04226808604247,79.66744561570943,70.81751211169347,28.157927326609194,75.04324421093732,6.35043714547285,44.573655635750555,muskmelon
17.500452250608056,87.67640106478248,21.161596088368775,31.119329011249963,44.22123492476723,7.362903642944742,95.3165851176898,pigeonpeas
72.52728589137845,97.73188260032342,96.28942747472843,38.63897565183011,82.80424889834718,6.040213171208407,146.50353247306728,papaya
60.76621942205011,73.07434243891012,45.74206912984297,35.07817267385434,74.68851200023029,6.345083745513234,154.51558083169783,jute
42.57276892774334,70.11852697706871,51.17295108605772,29.941249860616644,83.42170544926505,6.866192395764923,184.65543224654027,papaya
39.51930577681044,56.57501643406249,30.434130972171715,10.683961071485358,58.16587824673817,6.9695561201808935,37.40452348258469,lentil
72.4492223360543,61.13246176133927,85.87017777026051,39.14947595868479,83.19430522672192,6.310043788391032,146.1033568097812,papaya
12.18319788348996,41.42519181560557,38.71310258819089,34.96404592969345,45.96285942296281,3.9474053235426134,132.95231655007547,mothbeans
7.675501988723812,56.13086263330975,11.610915638181229,15.641300106542014,44.482957064260574,7.160352739593067,76.3235608309177,lentil
4.1357974652016605,27.260324793905696,161.49591854308164,12.382701084610162,57.60481259771571,6.440537301102948,190.59439679262647,apple
6.81732807519984,54.09851137596959,35.48343000045858,25.517179344685832,53.45900800492737,5.949193179084712,143.22678388381672,mothbeans
15.875575723561584,39.74177078549178,179.0368569898676,9.315193944053984,55.12280850351157,5.726837102325495,157.5501018469059,apple
29.774728172159627,34.777802952726134,190.15378211688724,10.36332241886189,73.5742545273305,5.9624568170651475,194.0965787842794,apple
21.539039066508238,45.83556985933149,31.060756879792024,36.0282719626334,47.80391934499805,4.99563463499388,137.56533876745857,mothbeans
77.09237411771537,42.29159859705146,44.0907769349799,24.469935320103055,64.3392309746801,6.720667566621836,85.80753371115968,maize
117.15777333720577,46.22715011514242,40.89289421108322,34.12789925036378,69.29234769263624,6.000225504153254,161.7937142551153,sugarcane
60.02613563045198,74.8267613650207,53.77784439627404,33.155276156178815,85.00531527877685,6.152048567424492,218.7485391881363,jute
114.38011902499592,38.391402008958906,59.28900921349306,32.32517801906217,89.25733605851876,7.431540887768574,52.916142747150055,watermelon
135.0988018661793,52.16169452179699,20.412366620340357,28.228891384807405,70.36016207482912,5.541612656073945,137.13396554198295,sugarcane
53.03560573574571,73.78275154624586,80.14037661333796,39.78987358255989,93.4441139829556,6.793229437439683,188.91305357048583,papaya
17.997746970754385,47.71635644099071,51.99481134410399,39.93132269388184,48.62533598151277,6.576440203736951,71.9994128715763,mango
92.97401788997398,55.879686488298965,34.68950912126583,34.593362316168694,77.20949010283108,6.671270825229133,190.59659129726487,jute
82.32108514756699,53.29238882225991,40.22410620759054,34.09984523284634,92.87619127764518,5.928994027375018,262.6306601687246,rice
22.67224420041864,24.176959679495447,169.0573441017368,9.884454795467928,71.82737966404832,5.951638995518838,185.67299465058974,apple
27.554659377022244,75.80131006420677,33.98757731466442,37.496969022286734,45.80821844284493,4.410436094041457,128.2984649576029,mothbeans
27.78770911914097,70.62713862011348,57.431993261171655,28.242545009593176,43.82773717862131,6.0817622865663745,38.89372751666028,pigeonpeas
22.72455556636898,67.24322809231764,45.27928371933225,24.236846984701867,66.5229717911646,5.875752137043909,82.26718147312391,kidneybeans
25.35399274941296,46.58465818060766,160.43259565792155,15.96654806968586,52.360957301225284,6.103755143837613,116.39317209532027,apple
104.9325773503623,42.253331111969594,40.95536765276571,31.75036359291704,69.9807053907801,6.657447912049749,35.76159859280031,muskmelon
4.6984829118553595,37.5825764420786,46.35374646900273,22.947507846723937,52.08260856242326,5.613940430447375,88.6785004012514,pomegranate
136.83978084386302,50.83786281759856,41.8694318496745,36.201981749235486,71.85178973355478,6.6141418077334055,129.2860904434738,sugarcane
49.699708698685356,91.85038979015586,20.599731095489116,36.36949419733661,64.26693149120253,5.988085635341859,65.07369930311684,blackgram
23.706836649472837,50.54499524959033,26.65027259424554,28.164902155632955,61.04369983932726,7.139224136171207,68.66989848771728,mungbean
37.76727365602528,61.021896044864164,36.25309892186901,15.470994447191117,61.12770275327195,5.758960961170437,75.13310359610232,kidneybeans
73.86802893401604,66.32245201166597,71.5149256225765,26.773370919957753,19.113815639831664,7.87360673484962,154.47150014421783,chickpea
24.774052237451958,9.285356512006246,0.03772170109961337,34.11440928491903,94.7781098886664,6.619826240612181,192.04132363132305,coconut
64.9501353747693,50.281565637402686,59.315838825926676,26.49589305780052,79.08311188922525,6.252026490450619,104.33971785785609,papaya
104.86518312172853,65.12919789215097,50.607235005212914,35.36392876380804,79.90637259002457,5.988060156269663,194.11403351458404,banana
3.1068965309135432,67.20026879332664,31.214125538070594,15.934819157455665,51.722510431272795,7.481618729465488,72.10297706168451,lentil
81.96593561380708,17.642485573854326,71.62054430134592,31.263341328765755,69.04986724893446,6.268038147929916,91.26397079954081,watermelon
7.2116052246256235,38.965439153305326,62.48958154434989,34.29909195203669,58.207668406796216,6.347219171629273,100.26513378050872,pomegranate
86.43937726749499,32.5265755381582,77.75096481379265,24.061284648005163,67.14374529761996,7.376895280820815,50.26515801142972,watermelon
9.778088410266484,63.3139616636577,28.432300279514976,26.43842115078969,46.95905356473357,6.242277147697803,30.426127168291302,lentil
24.023327879485443,26.650213213988025,41.39212214464946,34.2579134067545,69.09456593901353,6.955262275399377,95.35622542563746,mango
13.85064203151722,23.092423870309258,24.18628589606967,24.654558852208535,64.28967872680545,6.865580012570316,134.2265592789746,orange
117.00912741750776,31.12713271196722,23.836004036672527,34.95210775670619,65.00029086888415,5.833131656964584,178.37652716283827,sugarcane
50.80904522182944,98.75509505501002,29.434170902286947,28.054079509378862,62.00662106424137,5.7224238068438735,120.20356684821422,blackgram
93.01673122730432,43.78955659117376,79.03483451134147,29.293885530747747,72.71424555520723,6.974795882553862,21.481837861166678,muskmelon
30.845441926832887,26.450612250603662,16.373796835295703,36.3266033791075,82.43850602995218,6.9910328971806495,123.77051569524744,coconut
32.5547916527876,52.484483668466986,28.385660846959563,33.947700714784105,70.25472940570451,6.675650984451637,114.50974456426533,mungbean
66.90268780378491,87.62026528044544,73.21440392638841,20.08116741365508,37.647050262450755,5.822851970677586,93.02612133776037,chickpea
24.34750111531203,48.011362006819425,69.95000137565268,26.924642767994264,48.96409192249824,6.787534082738645,109.9027998926218,pomegranate
108.35552400705727,61.601217452282455,29.140374172941222,18.971031396615025,67.08940536295485,5.847049029973017,84.74755444512309,maize
69.00291988163906,42.9870370756024,42.12071232163399,23.712217552425198,66.27664855437308,6.288952557140071,72.97233842029934,maize
32.182412444265935,60.25958085547989,59.58891561865225,20.459083251060644,75.44283991403364,6.302450058498106,67.8263672720008,kidneybeans
87.08322145978053,46.544952847666764,71.79238194999718,20.40523338672233,46.62308838366281,6.123571568423764,118.0499302074713,wheat
6.818500463265682,35.38063254825066,40.40876851132758,31.477106426616658,63.45339477786179,6.4683460643268145,87.64086701595777,mango
19.791774197674936,33.965289919540425,34.98807937306849,24.728966048104297,82.04350477318589,6.2608018520719995,160.2451496124559,coconut
86.83215243029014,54.02377333442469,35.470382830894934,29.032703678573007,69.90890448717491,7.484316029646625,92.57124788725478,maize
34.332917555154324,53.79456341642034,40.790266836692034,35.30851515191024,49.3850259257266,5.621811086470365,82.09391593617653,mango
45.638124206756075,96.06987940000982,24.59425098648093,27.247992469154397,73.6551384946704,6.140804540922752,109.1528797355373,blackgram
13.351063882791912,43.172536111538435,56.67001832443998,33.53957476618303,58.95167254979752,6.537495694229419,43.06993038672856,mango
97.37216456669961,76.65682178128264,49.062430705857295,33.187668507651196,78.06421266367646,6.752397882303788,229.6941027526398,jute
25.300945748185665,130.24267761977808,200.26011877514725,11.86396531568846,55.1175512485328,6.499460681059674,130.2273697147478,grapes
16.00621091461596,16.019819922903423,175.17850372017776,19.239422155952816,63.246020311366905,5.990613575898199,184.8767585281314,apple
139.84630693995115,54.76246992371844,45.34614043265687,28.23711356941817,79.41755997144391,5.134511827934736,114.23769052325045,sugarcane
91.95536595309515,42.07294147289708,53.46417112775683,12.016220154084614,41.90124911418303,7.484940348584917,82.2353844974723,wheat
107.71117168612221,38.124967537862226,43.16914262116909,23.019932957449456,80.38026115123186,6.4626484146779255,275.3970180768309,rice
31.426664077778245,23.47033573634518,12.300218736561956,27.37051824679302,67.66189155519322,7.4174771783337645,114.16113506178993,orange
91.3313761397031,32.00938508518982,44.3559837203114,15.18020776686718,71.23447050591557,6.334438265520343,219.7983670534955,coffee
96.91316629386066,42.25014483146447,38.716875088749156,24.32449756693982,67.78250151671115,5.761420753480399,94.33021076202334,maize
22.590532198007047,93.71889608194252,49.87614621422093,18.022905043773637,60.2392772146968,6.9499224883963215,95.64956147277908,kidneybeans
88.09092726968122,68.55735131204189,40.23215075371765,26.81532344893876,86.23376460717779,6.294162708837609,120.246754209575,banana
21.47745513455278,73.76399056118946,59.618866893890264,26.736760421313214,62.82405015268306,6.13181356657485,85.53413795026832,pigeonpeas
33.801585955865704,35.80213351427184,31.537903775279943,31.028144068551093,60.212686893522694,6.400700771561586,84.93778905162392,mango
50.83636892987485,92.7704081052144,51.5942397604296,26.141499834711613,76.8478717657476,5.799809461974165,123.18596138828484,papaya
40.73422897516567,65.5888823402511,81.8911089629705,25.140174302293662,70.82442359206483,6.777831973705575,168.40248616920718,papaya
31.723791044015623,93.29051543880595,42.95296276755761,28.388063258354233,59.09923106076184,5.744893572395898,42.78179917609695,pigeonpeas
10.89868736132384,26.635706003703184,29.609415955661422,22.346175368539033,50.38801419692169,6.210067218201344,132.2080575316266,orange
39.394862644544084,35.11330414303258,35.80424902920368,32.54791259281395,85.17180392981805,6.787297298180961,158.30338563023847,coconut
38.400801050918076,129.26147819921476,200.4520948889583,40.22712328662446,62.756717909207374,5.837212490406285,90.2260413683542,grapes
75.05683774417972,60.082760563344614,53.91210492900114,36.82178409917829,90.8871538910824,5.743978327284851,185.43459827827155,papaya
23.127932312613808,72.80476661181919,15.022688432387536,28.451962872978907,68.9086735057206,6.912248891844014,87.58839547956738,mungbean
22.16563465610608,58.438455126143865,33.71978578136833,34.06281758129518,79.91040456528758,6.2136776511046445,85.51332153157907,mungbean
8.805169767901067,15.638737686835169,18.871994026363744,14.277561960335046,84.9301742676669,7.057366699097004,108.5200477559662,orange
25.164536265199658,110.9560169830042,202.28882306352068,33.8236850563761,61.179645525654195,6.209296127140768,52.11498233494163,grapes
2.0874023118704432,10.409354256350301,30.88638142178086,18.200393700330473,43.310651696736265,5.859233071855195,55.48550599276094,pomegranate
27.27332128131435,39.740062415828326,9.293421836960727,31.98312919618221,86.90482085086097,5.078903905845383,102.894128300573,coconut
13.297067686974607,32.62132722652542,33.198708568097935,30.501974809694026,42.98484006618894,7.033191889424103,97.97645786489116,mango
33.6355590684594,32.00576092287241,21.898263980030343,16.660063730350565,48.54401122748652,7.823508664002954,82.56498754617056,lentil
37.289538072356564,71.41791148799462,44.60204662114259,29.686682546172037,67.86507801718423,6.587064231196567,86.71917709342512,kidneybeans
8.34110161196751,60.60253725462256,38.437512368034916,22.903069721210247,66.44400294638668,7.277398189766345,57.13619303911594,lentil
31.575129527199984,127.8228259456174,203.90731044377355,31.911425742903354,80.0337475856829,5.556213905459878,124.75206367465049,grapes
129.4614091333917,56.489814744893195,26.078979024060295,32.63861632442222,82.52848986043685,6.3602237708939455,161.22275363000472,sugarcane
0.8465525592815304,23.46822675590134,35.779027863784215,23.59133308987294,67.16468432473977,5.555339933366152,55.38604983733466,pomegranate
18.723362407505867,69.45423182022964,22.759244509034602,20.873297810783143,41.63618982025452,7.68442016042052,75.37176342856804,lentil
37.34461511340376,44.694185564614315,161.68045160181185,18.680925709091788,68.25714779521923,6.47090471144987,137.3605659534059,apple
94.32558866116578,49.685160001529674,40.52942746776034,27.33674867161102,58.56391387582789,6.191069737416285,183.20977049235313,coffee
107.1626641798255,47.95221209949524,49.908482522350084,24.362046992102222,62.18053023012877,6.439876201147172,107.38313718111424,coffee
93.18168534095528,75.26484176706415,64.72150098707829,33.49506359576866,80.88044302205387,6.404929516981815,156.00039892289183,banana
28.626506082892455,41.52639152542825,185.20521803858185,14.153496865835178,63.49738343256516,6.358373379761062,195.6835667543063,apple
16.275162504986834,10.438546125261734,36.79170558203789,33.66064506601005,58.362379546115775,6.681797079378316,57.77188076727477,pomegranate
32.31595842664513,72.81870491074011,19.300490674655467,30.10575238600323,67.13112447376713,7.032855808617922,54.434686195360115,mungbean
61.21854745235841,48.177934898570925,40.21234668342779,31.637549846974277,82.30258281082399,6.9106057172144215,226.47810143256865,jute
34.64438412624445,110.48585339785757,204.06571002240864,28.00666217541738,61.32289298289719,5.736720475853833,112.8030464569537,grapes
30.88499428991277,61.287856883493475,44.756894249388864,15.830860950314088,68.49068970797074,6.527544923903783,71.8660576570511,kidneybeans
111.2516258962277,10.776049824728616,53.08027073984408,34.04733976548653,68.25570635320427,7.319173390107554,78.0333677099465,watermelon
91.18643691336106,53.48012705725145,73.15533463530437,16.46331285492709,47.461428177628896,6.925717479906045,120.67772168854458,wheat
25.791294064849026,73.28911056265136,36.45290787293078,30.851205442154317,69.99415432401405,6.232481072761329,44.59461324679824,pigeonpeas
1.5436624775253538,45.155245836514084,165.74666137294662,3.0954937902519664,64.0538371126126,6.098306075696019,103.09706034225101,apple
20.151828323478284,82.90682332764484,48.68747558901086,26.176202567433272,77.14930645345044,5.5066024135056795,60.019809555568585,kidneybeans
110.80990768523134,58.99252157599222,28.942720656251097,29.55643262448812,67.41402802981088,6.10623274296053,122.16612488830842,cotton
28.24232458552123,29.61817634079139,162.88478240945898,21.2382419242792,67.31061205071674,5.721147610110694,126.91197526380104,apple
38.284283840002054,27.87182055857365,23.841206437992042,29.366178810800648,85.46614798993105,5.706009501943672,227.27454114191812,coconut
20.3910737881405,47.01819880787764,36.12419310344866,40.10333898744963,57.0257767859503,4.800100846090505,125.8673884686781,mothbeans
105.73710808659695,61.912545954345376,33.06749944438799,27.81401059410026,58.60627166111826,6.588978195921699,50.28793302490608,maize
35.77728292040521,67.80448368773735,17.54759149951872,26.381975677068368,78.13484745145108,6.99647550756321,66.41144395957903,blackgram
39.59910894716557,144.35203302787602,203.43339305862065,16.282902927394606,78.95667514391798,5.607029134211038,128.06993041716288,grapes
119.8193444293288,40.902743328095085,44.51432578851049,34.14201645049933,84.6172931800155,6.42786651346015,34.352665282053124,muskmelon
12.426092374963181,62.841115325710504,29.614139781529918,26.234116124353037,66.37703617873164,7.192814462255539,117.84266670087369,mungbean
47.9531412114592,75.42029883223135,57.86892574344338,35.064620642286776,88.84844211103561,5.665591351374901,146.7802412037339,papaya
6.158965189753163,31.748697031408494,31.408114716513,25.79708326726226,84.3299945401319,6.875975730918994,265.1342891958956,coconut
26.534504438259713,26.329500773851947,164.02316121023262,17.546471592085492,57.26550336781303,5.671709988973689,152.98338889620703,apple
65.26944707293643,90.5859844636143,124.49600063967901,26.55167478345428,27.445544501151723,7.8434164984920205,199.32549688749143,chickpea
117.74534682593979,87.73867623856108,77.61605489048742,30.872200891055442,84.00327916592954,6.476971054626261,164.21291468642602,banana
52.576401054951816,75.53747754210296,100.47783411481197,16.10341543466574,42.414301223924696,6.736922770515137,142.38213586967325,chickpea
34.90082067384728,60.98830164729063,20.44500703852662,37.18413136323275,42.20465817442465,5.868138900385773,66.81025498051801,mothbeans
114.17085308868863,33.16036453443999,26.67083914244511,31.749919420142668,80.19381707739132,5.490704628332422,108.65982388376759,sugarcane
96.8116104021702,83.08309770527062,74.91794921636009,35.817968014719256,80.5727936286536,5.708888892714843,177.51460777285945,banana
26.115139980902523,90.99399386136396,49.592865374623855,29.686581741466178,42.61982117675407,7.315203366967297,61.89217762511635,pigeonpeas
89.46532525880036,75.5899596118152,40.36662200735266,28.02098654190831,88.77072527918898,6.920102769783257,35.70028199825039,muskmelon
72.29287644904275,65.11320312608163,46.387455648545874,28.44694110055208,62.16388634144618,6.402478688361976,99.24948280704376,maize
16.036108903165044,40.444423539410316,49.3015362986669,40.567587677742345,48.810292400753085,6.123555367427393,95.08697673353291,pomegranate
21.817118008468523,25.336653420928283,50.74930205919955,36.925173053927054,44.900633492294695,5.708626174703764,48.73092896724155,mango
18.559416697615234,25.331370323286926,57.83237199226222,38.01553146878859,61.22861757221606,5.712427655176913,86.55263526818158,mango
80.39876938938075,13.390646177053327,72.305034782519,36.343573517753704,87.45416461214688,7.209030871821499,80.99053379438908,watermelon
111.26310560217475,59.69111425792139,49.88924297612708,23.06124851908767,53.359157650079965,6.772226030894535,85.92333693997656,wheat
11.36416596909732,13.521785758877078,24.866658271313135,16.301747171254288,68.16669880671056,6.578789170254163,198.20773786356307,orange
41.2512209472063,55.34628012236224,22.40698343573619,36.361974150970084,77.74582003554659,5.516448874084671,138.62957447513998,blackgram
118.20700641912529,19.606063840880566,52.94098454948151,26.94100623170904,77.3080837003452,5.80968278929491,61.37163660768277,watermelon
100.65133196790697,37.419356777289025,48.07811744745678,23.73925893482453,67.03194878048092,6.404837518132945,242.57992314316135,coffee
113.91325131162475,48.1928717897877,30.27591154849889,23.319130057258416,89.95252653662084,5.505061583846219,174.1212077126248,rice
109.40100744759293,38.30323766108704,34.645330259324425,16.731367633677806,61.533325447134594,6.209549736458543,189.8948930509583,coffee
7.476381393083091,61.681415420244726,25.649976736946808,30.49894469041844,47.030560831937606,3.689957740916963,148.59616844014175,mothbeans
102.20074096821165,71.48850284509446,77.60704253204227,34.19314645503561,89.58771723239614,5.537556069740189,128.51331751807086,banana
81.29977834991624,32.77695370984374,35.57179372724811,18.811350763106578,79.01069523467085,5.967424163820866,77.00059573022553,maize
121.95434660309424,38.628981871310344,29.203297985664236,29.588460544880636,80.53231122624025,5.668099931337538,209.90485758854206,sugarcane
91.58415965616679,69.26358087021327,43.26519928122358,10.905281259858457,47.41309702030439,6.239317020169782,137.17835665922019,wheat
114.34313846099492,49.69893221123628,27.211967386805206,27.490708294552736,87.95597716688593,5.203607365899074,175.89368616023975,sugarcane
37.64562190090766,60.7887892881725,50.31248127568464,20.425362169503792,72.14650400408959,6.102617808137468,64.2544753399105,kidneybeans
25.32427290870927,32.008524858302906,28.260662815879538,12.747753640010927,64.91749975343353,6.710898927160957,49.7087703909737,lentil
94.02097565920008,59.537968370053065,46.35546683904043,22.849683859812394,64.81099484689716,6.835186771127169,90.39229709706294,maize
108.80445303619013,40.51561602858486,31.175998212786524,25.893277810411494,74.23935498566934,5.92847703947845,208.4106628358207,sugarcane
92.8160514456086,24.92860529817228,43.49484292771092,16.59247220555786,70.87266647882907,6.061923013352908,110.58034563894348,coffee
61.256697661854766,33.28686669905709,49.035801045350915,21.545337329729044,78.076694435144,6.749327137708527,69.09698198264479,maize
105.51096567382366,44.60202506166948,21.24736879539781,21.47568926612455,72.23276030256726,6.126155963534844,146.16563579397237,coffee
31.042162699369992,88.67907604255508,43.30403747137998,22.579580652960992,53.36216285733504,5.887736915907975,64.69629408245618,pigeonpeas
30.74551347336076,130.47059185671537,203.41335576231378,29.37695651203976,62.983041056119255,5.539006420762818,95.55667819901089,grapes
4.442097775124374,58.910481313587866,18.025355720615998,24.761068583432564,69.86826134543278,6.153239627859297,63.112458755859016,lentil
104.1397868543514,69.93390045571799,47.99339994030673,25.7107823944223,67.63744159882216,6.772354729416465,89.2825809040116,maize
108.83411131852036,31.167898899770023,21.080564548742792,27.277883037375755,86.66925886265001,5.564957487954054,242.56887558629435,sugarcane
39.78504657624029,69.76547283227626,27.942096141483717,29.482452539406857,56.11624538184666,6.099551844583111,84.03245024276782,pigeonpeas
31.68868132621407,40.32516825987379,66.4245002949042,18.355923898360988,64.27309650469138,6.907693079687004,95.2510314375705,pomegranate
115.26835878554338,47.67622349041681,69.58252992445072,25.385916173675106,80.07462466604552,6.320607443745324,68.2420599694637,watermelon
44.25927053138825,74.59284356965736,88.42338978320669,28.32470971926339,76.73725125333408,5.8640724801978745,199.16730528316782,papaya
6.158974046627357,45.07278424591883,28.845478135310653,19.850273701827103,46.93527649412183,6.687644982517504,72.98218389140554,lentil
97.6534848050438,47.529429357693004,57.034740314729675,22.590802944438952,84.21444784388345,6.450411484076559,283.53956758363745,rice
31.511542513968404,78.53315606185092,46.40690566587828,26.919401865401724,72.53921886956529,6.913391760487841,83.8953845494207,kidneybeans
45.09998906687943,54.65151873704478,79.46336693783336,32.98176958688174,76.6594410357506,6.849179626830753,192.73664094615535,papaya
100.604427368579,58.95046108363415,27.526791370733076,33.788341744683116,82.66574674696774,6.220014834158971,146.93610913204725,sugarcane
116.07353265766685,65.09488144133444,72.94897144547949,28.557415649753505,89.86202033918907,5.972280964328801,155.38360825022207,banana
97.1779158831481,28.828237892637496,46.29486333399642,24.497090083911303,88.4070869838155,5.981425171327014,54.39693422341788,watermelon
54.512801218853255,84.52430383822359,131.4751417191942,29.33206485742746,47.09867188775773,5.69795919413172,195.69303961739524,chickpea
64.81402473969854,45.73534168710764,42.31190480968985,34.770922019811884,81.68058353252079,5.897855599045742,295.42056499130535,rice
77.92353441532639,67.62716980461363,27.778902765973214,23.15588175286722,81.18190751453805,7.183867133583617,59.305070892313864,maize
26.835152045971256,73.03072478573475,21.403504448652,24.77100538051375,66.04714352569385,6.189019556991012,114.45785720008243,kidneybeans
27.178259819960612,82.64819294028581,29.516966489799337,29.829848323710188,65.02609860146497,5.791243116121764,88.62400497403635,kidneybeans
26.573771658588576,18.562098249097367,47.31404427182684,22.744102484982456,56.45450757247373,5.674080189076854,41.61747969512362,pomegranate
26.003698045597258,23.07312952811241,29.124423472872554,10.075521783904032,59.91729799223229,7.391687219062973,193.2133915398283,orange
7.250010222062078,38.48031844792651,169.24793613187785,9.65507227383165,73.49870277316599,6.462784807980732,112.6655872847194,apple
108.58784356026489,34.15171029144472,51.95704600393333,30.573062329078844,66.53099396571697,7.432042918260417,47.83806289344159,watermelon
62.19639335301636,59.40205462943929,92.98327738332375,28.866328234421644,75.66074012719125,6.221071084726534,149.88510237442742,papaya
30.414695951781162,69.3539347634191,23.196604373864268,20.009975322534572,58.24958204200202,5.905371958700592,82.66176794714193,pigeonpeas
80.00964018740538,49.64977344152111,48.32927234432858,28.75724420124645,84.17717527600324,6.419510784819665,31.49127932300889,muskmelon
35.896762003126945,23.122921836948844,27.637096016413658,22.13201792775496,71.68133380388808,7.378557415543007,189.99095433546717,orange
102.96421690299468,41.26406785399501,44.114436355803406,30.635139025823246,89.92955884757376,6.118118569893205,148.17432289539303,sugarcane
129.17379176351986,59.00536499397856,26.72880449855135,33.61961349344449,83.54740817396788,6.69685075818105,163.39437955204136,sugarcane
75.28023732276307,63.634863177036905,21.15279046886975,28.82114390562508,68.84432393874202,6.774402953616561,82.96769611028913,maize
35.18882132240863,17.9891407648962,67.89137292359072,26.215374835860473,53.21055321679757,6.560680920916571,81.13683360312822,pomegranate
129.93537398704925,57.436459915456766,33.02062918126276,28.363251348020732,75.86008297516524,6.4468956357000025,101.35812423705565,sugarcane
112.41036522069147,61.46312760114481,51.12868748275289,25.924119779387038,64.87495246423325,7.342550788280155,61.16145343615346,muskmelon
10.343368862110953,28.968196512334803,36.32139505342886,25.77099382929135,93.623878320156,5.618963158389734,295.28264447681124,coconut
89.27124263558174,34.38944794710014,36.43878466921079,23.45252801471953,80.33071248218847,5.696165161568489,74.4120568510889,maize
75.49629895875853,99.0332755913083,109.04976943911367,23.485918670164384,31.36324278125778,6.944363882761623,121.54992487347852,chickpea
34.124455566281455,38.79001200667518,11.943165985756053,23.29889387232123,46.345858775902414,6.78687097887372,34.489467656616824,lentil
31.209076664715788,70.23496604713549,36.27272047603661,25.07618878653399,50.02465453356816,5.61450859255201,65.54011287390155,mothbeans
6.354107677758232,7.826651825013697,38.919095216812195,24.449815132355177,84.03905636457812,6.18117931547717,222.03571524732837,coconut
38.48233995765406,40.3583616168819,43.5847441585298,29.180414738927887,68.7661561957123,5.785628608945735,74.7897745628635,mango
111.3169445703029,27.706193930417324,59.41066969370486,36.44655050797659,71.47089993184883,6.3862546906458295,62.571428126177324,watermelon
116.7333545640912,52.52819395089955,23.041186926594776,28.612086089166258,71.90797771164634,5.864037855189012,247.05531114132776,sugarcane
51.9528093924567,72.9846896924591,82.79417318644474,28.43800408736802,55.94686144720964,5.842978552401556,197.4474291677152,chickpea
58.80996341315017,97.72238474264942,55.783761182405826,39.19396739504623,88.33403786830235,6.456248204401245,164.5277755323563,papaya
106.03311801957312,44.65094721171523,61.45641532320121,31.55722157567552,68.03620748452323,6.90600749660925,72.28001554041695,muskmelon
2.6018383094856246,68.99490133724973,30.435176513185144,17.514209279687346,61.051931222673545,7.512663572960318,84.59735416721455,lentil
101.94353660218754,32.082184542404924,35.588350274090224,27.95484201438205,58.38043284282137,6.3377280226682124,159.4001449578423,coffee
93.17285109930017,41.68801874325194,59.85180502002559,33.16691998223753,65.05321653395745,7.1406969094141,79.09574650648949,muskmelon
82.09331429202652,41.3139447194663,73.82043243362241,36.78531433235127,75.25437105924078,5.965803677298963,90.7197985413236,watermelon
105.0338666420244,76.36575151670489,50.16084596382251,35.75566053603572,85.50282388941079,6.047739909469136,160.9568533898464,banana
47.8961493492217,78.7760108483062,96.26323208284822,27.20344853316669,94.2713549466925,6.921215851593437,188.45719870582627,papaya
20.31448150463975,69.93227721527953,30.84895806455917,15.55110265537263,66.30575749078515,7.56344453197592,31.07906162535775,lentil
115.78990283325204,20.706737487771903,56.423947889530666,38.37755056910352,86.88770149414736,6.871425537649362,91.53883282733321,watermelon
35.01316330551632,37.574249107226606,26.436124319116594,10.431304932236857,62.92661451526926,7.161827796492557,73.79127084288268,lentil
97.55348258622055,75.43910992944748,64.63452752729218,13.494392121304507,40.73202344669614,7.305148310851395,52.126941085038716,wheat
101.37160506189366,57.06053543108986,26.470254571931516,25.906625642791887,66.81593216962476,6.802465954082984,55.32965151539953,maize
31.983969748041165,79.50110281619999,21.6207810175868,31.810318478609634,65.26116350816564,6.800810693316004,88.0970543268723,pigeonpeas
122.60341249811026,53.148807329358235,34.966869936078254,25.157340518089395,65.2259617269823,5.714058687940025,238.9291102647673,sugarcane
66.89086030536771,73.8062985654392,71.23129413487672,18.770610109356205,32.01297258192466,7.018728266603757,84.1620111668981,chickpea
24.085129358727926,128.20611835291797,201.79371255271445,41.85193600692787,69.40550545785663,5.985885606189613,106.58517874106718,grapes
132.59758914162157,53.340757294339596,42.82553992792345,27.44039127399928,67.20962367461297,6.397897656974771,155.2520820691527,sugarcane
68.71748094490277,87.1410750792433,52.542698441686994,28.316848943335224,76.8565462539725,6.321417976214214,114.45152239069503,papaya
25.141636437027366,90.04131846150435,33.58607380067822,21.42224162988528,62.11020972872083,6.568991838470119,115.06773756664079,kidneybeans
22.98763272452864,129.171562933502,200.86193181052582,37.661415154063704,73.39348717207724,5.657203883556955,146.2338057481207,grapes
102.87590089835815,76.29852705385701,44.89925667401189,33.01054169806985,86.38388080535677,6.615035680112614,48.91969506397203,muskmelon
21.696405147132346,54.844466551063526,33.94998072074189,33.088494459490505,56.72225609855376,5.53421753696575,118.4544433031324,mothbeans
98.95093170057692,27.870886353584275,40.28386129979549,37.11037169546388,70.79474701909699,6.581531262601086,80.63804118013957,watermelon
34.05278928013368,99.99699307332706,37.41165325981328,21.421393149374158,75.27765138301002,6.708254666889795,103.86455290407291,kidneybeans
16.1927085363468,65.90427276630355,33.954483870810925,34.938524557765255,66.77968586006442,5.467086015736458,73.37649061337962,pigeonpeas
76.7442909967332,58.337256965257524,51.75018228897356,32.465738476172746,83.34424674388362,6.777049285651756,279.3304460487283,jute
111.73234443122259,53.194256217560145,27.949013192814473,29.56952949069261,61.15217884718991,5.80297797657403,101.97207385913302,cotton
62.01398107877413,42.110610314384104,50.76033767839964,30.953076927642364,74.53043252072212,6.613970306325233,187.92871773751668,jute
138.56115388662056,57.28363832811726,33.05358088639765,32.5341860602458,76.09907478943055,6.087435156411618,170.67137119848388,cotton
68.89244673294832,59.5228498515023,72.10780690564059,26.07254536497453,79.74143555720289,6.612404529605813,138.64433509308174,papaya
24.157578631558472,85.81767332733986,57.90091922204952,20.742855452743193,67.56558567649313,6.522704137552534,86.51200105383367,pigeonpeas
89.24144551788238,61.863197683461664,68.2045258655598,35.604779785148665,81.51106622723971,6.42852207504243,159.02990717555997,banana
23.434084897326734,23.483842332300014,26.085223087569002,26.47888861500336,65.92219362715751,6.770450075892977,180.304552467588,orange
138.29792076152384,30.265898553404067,39.94552139204946,34.82914078171833,74.85407898347351,6.448162671961625,62.0041388733884,cotton
100.5483142086122,28.645535778785884,20.193930733691317,21.451109884710583,62.140649714056075,6.367304150355268,103.59193979057252,coffee
86.03109895427838,41.955142031921206,48.47550294156649,30.25621746127937,80.67956014658067,5.874612614626471,243.87898735713546,rice
117.79335236643668,30.36463424069449,59.09636480122917,22.56107885535749,93.36714670547107,6.0277011090862995,298.94471941789504,rice
96.60582615970984,32.66576701642034,43.55191763139294,17.544264321295437,75.50633297362225,6.324373556947509,162.84546606692865,coffee
111.32763504066043,51.109735781400715,44.22521487261976,23.27184408846302,87.37423812675249,5.973471770780566,175.98028048650227,rice
2.067427196445273,16.341446339996942,190.6346521687891,3.1824957779234655,57.00188808374381,5.9533706056041575,151.71208881133305,apple
16.441067389934837,97.49048179111361,43.45071372773072,32.585477563664774,55.75527369802673,7.086844886942419,32.31934235352476,pigeonpeas
69.87392485184472,80.38890822265924,133.20432812631378,28.626693085356024,43.81514221874185,6.998372931752037,199.51309006945414,chickpea
17.075789112932107,38.76099758871534,57.85666598682408,34.616291553732395,49.34958749963947,6.5506365289014425,43.96331846932961,mango
111.70713726081104,77.84461848534531,54.93237265119012,14.061170097153306,59.31998629717047,6.613101256647145,52.538635566034486,wheat
131.84965802165473,38.15838118255346,40.77076767383174,28.432805801018343,88.47671198625729,6.272748563066749,148.6767700263013,sugarcane
30.037390620490072,120.47305958774817,203.7673780272324,12.504002315625502,71.40746541379373,6.046247600130851,58.94731228103872,grapes
104.99283255867394,53.82631987648216,21.894189206283926,38.033449296291025,78.32126281476194,6.127351132691254,124.77458470915509,cotton
33.72839787995284,68.63465590637955,48.375629810045154,29.025662945860958,66.95592563533253,6.417151355109211,64.13596212744534,kidneybeans
104.90301591331126,10.401879242193264,47.79361966621457,31.861286910594096,88.51510684767405,6.267218080710316,65.46232156321808,watermelon
25.939903901888165,31.130588041999108,10.447307924644237,12.329254010774221,47.54993305136412,6.859098247041351,64.12083316318518,lentil
92.6145497306447,31.794413884820457,27.107719816901703,16.260553722550522,59.475790936039594,6.398757022648243,201.63187077756638,coffee
31.767988142676202,69.45304070437831,37.53523588563726,20.30353166147788,44.54831913791428,5.2302012328090495,46.78209210567809,pigeonpeas
110.83770793265461,36.067625415736046,29.414804246732466,28.139508163906836,70.37281592590989,5.849701685736174,236.17577708253012,sugarcane
39.73138981558653,102.51668575577015,200.71090688193675,9.796080392892485,73.77523584947127,5.55450927741372,133.64397373761233,grapes
39.097767206978304,61.722656987780155,32.92166769557315,26.089509635333137,63.21431169783011,6.933204804952977,93.13654563880019,mungbean
34.440352852320544,22.31248793366253,10.255129594148611,27.38074139369339,66.71996867681406,6.8483362248395805,164.90806020188845,orange
128.18217712109782,42.68185910681797,30.395725038581546,30.168960921187317,71.60690657896598,5.410665877413599,172.4559546338335,sugarcane
2.927003950720084,43.5791353192967,33.03947427845921,33.27799212506722,55.8083050063842,6.248812512030595,88.83668776715476,mothbeans
39.862627605513964,60.48036652337056,41.63679253149195,30.325998755882175,67.42626369042435,6.2650133369173435,68.05909937514423,pigeonpeas
80.76598359226713,69.0244080343966,39.22916232035996,27.869766763612333,58.97574018225545,7.224028964545245,96.13785952566971,maize
87.33940516714277,48.6039779340461,38.32143548943398,24.445575076408897,86.95547607409974,5.853352228026052,237.5484167776308,rice
137.16912214527417,42.15308083582699,37.652775053312425,29.143931219966113,64.29310959031375,6.2972637951951995,149.66664590461815,cotton
102.26342624586863,41.217631410384406,48.333457480829104,33.34254716488125,81.78697871668018,6.26456430727528,129.84882084391552,sugarcane
85.09458217743713,57.9818545006204,55.98191668501225,22.58784271138046,80.39550461745878,5.87646336687805,271.58299961727494,rice
114.01270832630397,48.5140034415343,66.75013017799255,33.14317198541208,84.98680784661688,6.187633364754605,27.786977943356675,muskmelon
20.01273808877219,95.5555175862593,32.88773802591851,20.241286656535838,65.30174938987213,7.354553172411817,75.88907381921442,pigeonpeas
74.90035726213864,77.14522248461577,31.85425382067668,26.20068686544792,73.25581978412458,6.595212834126874,172.5708406508996,jute
82.28162053100141,49.25522545507392,45.07281861499129,34.509322676140506,89.16236017838867,6.220446004245419,282.9272658194018,jute
35.46122682820671,52.49130011070091,17.562959786868998,27.188014780166643,54.50062909176697,6.6633805033467715,42.70483397895888,lentil
60.41137983742768,68.64199892968578,51.187384876657866,33.09496403234736,89.80217692173731,6.311879435763725,200.99577956898722,jute
82.66639319293225,49.94243226342515,40.99268845780597,37.36390496254185,70.96100524651959,7.183230919515631,73.2772294726687,watermelon
81.0075155500038,42.313707062535855,78.76410520563246,23.256788274451385,67.83256849585639,7.492361733969653,67.38952492194873,wheat
105.95061544637544,48.63697786576432,24.5429694310989,21.206410463244598,70.04516834863618,6.290868323710593,160.2192668633565,coffee
51.05587280472648,61.35956265911081,15.061521756452507,29.45815650587717,79.37718670935577,6.5424511909087695,90.13254439412239,blackgram
52.670453311485595,63.26712374034666,19.650327693241536,31.862827763271014,64.31851201877915,6.826706970363292,58.53687793265653,blackgram
135.60388140735233,40.376323822135724,18.861493680583095,24.407164158492016,69.37467158859452,7.201185098400435,107.68458332138084,cotton
10.99582633028351,11.31199497107584,171.01676945977493,21.482400697589863,79.47957234480708,6.137047553503628,116.16376937845918,apple
116.27466309359343,33.49479474302308,43.41609937163496,31.19686385127086,82.69068164230903,7.088269123464545,69.67582316582553,watermelon
9.23761436882935,33.93750196003963,39.382615410327986,15.328441927370987,66.12675371403418,6.008254309349208,31.471736505372153,lentil
81.88786806789516,48.84249858926148,40.374877049586885,23.207887709363895,61.76398141219978,6.124395894369589,241.3087329232893,coffee
95.1465348764078,58.20690724274873,47.26422533627637,27.046209040684786,89.6493232766353,5.958252890491517,231.84251839739022,rice
11.558312765628687,45.62973453564613,23.132683623810376,35.869645060351026,57.45746571534252,4.728488835036655,66.95201603294623,mothbeans
59.43984873415329,75.91575576012612,28.91457448785221,30.29535396654239,79.97689654369262,6.368830052841337,54.22689942359345,blackgram
97.9833341168105,43.47453688906369,62.89260742520306,39.98731678309505,68.605399369416,6.060910129520111,49.58496761403666,watermelon
27.24267071966213,46.40517379209109,34.610350451425916,27.39131643201599,69.29254141737088,6.21365783642608,98.1682322455192,mungbean
133.2549405754284,47.969355245316315,17.873324926489172,25.5017165571737,77.28880458309777,7.272240578463773,176.10015190434578,cotton
69.23846832644465,94.02088438419898,73.37055524212407,22.574413784132517,53.42290576998716,6.8487771445152354,153.33064519789883,chickpea
39.53559514559452,48.79208302790718,17.69255108726262,26.04212993856641,54.732038489607355,7.198351270421155,36.69680972997489,lentil
69.07480972409607,39.0126771980494,27.52899984020894,28.207392694093656,71.83668364847574,6.546781822748732,55.73844359346087,maize
92.49623590718527,80.5753298604408,63.550378542600384,34.63788971807588,84.84359839872538,6.108758325129553,141.17820274857746,banana
27.56329210642688,82.45102059424849,33.51023045974341,21.289711056166723,68.30510606899718,6.9333827837085735,88.72167563535848,pigeonpeas
128.20556582282254,43.655159752009695,40.03281774809459,35.88577203701196,69.24321071442309,5.038289735993674,216.86538795936804,sugarcane
17.19425476444849,35.66281182260399,62.728480054818526,18.135650516188434,69.75991027044553,5.774340658493799,72.91742899619834,pomegranate
120.28238586954873,35.63761142445969,22.30915008142622,34.05002988679303,74.5699691109097,6.6436618931707185,198.92661529611553,sugarcane
37.54342383114021,2.155931615751552,0.4871934166616576,32.5814098213794,84.3402861533337,5.507002032211546,166.17741753875885,coconut
100.97031711615342,69.1576934455778,44.86491562720377,27.814279670914026,78.83142421569136,6.006691201006299,196.64092961234292,banana
25.69310786987184,72.71141634347455,32.40007411129221,26.21838381039125,66.7044535390818,6.824428683771246,78.44236315224269,kidneybeans
117.46280872283356,22.33408486704795,74.78164675436872,36.22552938526207,67.43437328720721,5.572681496632485,46.11083590854297,watermelon
40.62573181229737,96.69293978928697,90.48942643440523,37.55828714438048,72.33218461804921,6.608167043377897,195.9916689642091,papaya
91.39977787168448,41.48551832338302,43.785632571015185,24.931120390573888,74.0374725265091,7.095828319231789,69.79852363312274,maize
25.159996321362435,89.22240323589861,58.61832713759214,34.5670627586858,68.21045133010576,5.351514510191317,34.98237592045737,pigeonpeas
132.95161536885178,58.65181534454967,35.52995706375566,24.025041683063566,69.0920411055022,5.912497839172621,96.06501084672107,cotton
100.35576280279521,45.84337058063973,45.9810702513727,15.128839041384998,74.45115766207998,6.230366800120837,248.32608119554945,coffee
134.82107865077538,48.94256763655129,35.97512199247946,26.500130348325925,80.14094723308529,5.234407811360467,150.5809863348628,sugarcane
35.02766510755515,45.20912388142581,24.070432916583638,36.35965709164068,61.053466636593946,7.089144961995785,71.91843456523317,mungbean
12.447697774175062,47.98719403540629,34.17054366630677,12.909089093145354,48.785068673807814,7.359016045473111,52.08424445375567,lentil
102.54277570334597,34.275076923789754,37.01936658886711,21.078753404416364,83.8878062571274,6.467091293439849,90.2996274887579,maize
32.24832038095491,55.51383641382834,20.752635367391086,37.223044507347566,73.85818303136162,6.801428299283699,86.64566463399797,blackgram
71.29583234577836,76.53753011940711,79.49171972198778,28.00924556686979,77.18325833069123,5.7428434150785375,124.92953500046113,papaya
28.690053874386088,60.978588110357336,34.50467806341848,16.91674431860765,53.64327847185125,5.922302560160341,63.202529650635654,kidneybeans
48.61813107822573,81.09493159883364,86.84794364563386,26.395424966998675,46.03876423302329,7.5687444789088305,185.2381204028336,chickpea
67.68275033746635,34.55708080536883,34.164815179482304,30.33137168244179,82.72820126598717,5.845667283323863,284.5182614859018,rice
35.17355519629396,80.0654181907352,25.682819729692383,29.121959001719755,70.79013147968591,6.536380855106793,92.13398166110483,blackgram
40.519478488620564,62.073211409960805,15.934765875737785,27.333867802417668,62.48997796535895,6.8723175709260556,64.0267213459169,blackgram
30.62804286762201,79.64517454496323,21.869404635901375,33.11926226692613,79.25951884728971,7.031534972446876,96.35522233026857,mungbean
104.63677755436062,41.341297389431176,62.79558739485266,21.43688028611036,66.30296910285249,6.513122623073861,132.12573046720127,wheat
29.191259550110438,122.45355748993569,200.36106592667593,31.270802276356456,70.09661244575904,6.265148849861264,98.52906340617153,grapes
0.3931021027915138,36.36730349833954,39.88137807906227,35.40066307778279,62.98736418281137,6.1081892719425674,88.69762086669121,mango
71.8858579655844,52.61321018286439,33.91797460065008,29.664063955578445,73.255818180894,6.199012744173638,55.704789244396665,maize
2.5749953406015846,43.98644610924995,28.37987370620462,38.85153493521959,57.763558207567655,4.234432220182702,107.43697242390141,mothbeans
20.757494570590275,22.11518978717944,29.257409880036192,24.736770077331173,68.84690237512567,6.860102438846556,192.7900629862027,orange
16.803086600522995,52.79412942120514,38.59764567162503,36.055887931189275,62.904657381526874,6.229780787320921,143.35243127166308,mungbean
31.615371672288433,141.79435395424716,202.4837171400299,36.66014640351071,68.37659859579423,6.208583545767826,123.18727372865008,grapes
135.76377210133003,58.393695394512164,46.776746824594234,30.452823921445077,84.50913757517205,5.952671466602197,174.63097782191534,sugarcane
30.544419184566344,27.893297066647513,189.49323105177695,14.84031136909098,53.39299218271467,5.656331438392838,143.70337254497707,apple
58.077167559594486,56.84825619046474,22.32361694150146,28.365553645616558,75.0904661485113,6.5824444540070495,64.08851205703988,blackgram
64.57526559027015,76.93036571063317,113.270660318169,20.124240937010022,16.587566170191693,6.5087036014202555,190.26731474118137,chickpea
93.52337637465045,23.804720676512563,31.752273516868346,17.114590596371308,73.35914191230546,6.104415467747295,108.78479579268009,coffee
79.47514979401622,44.65846139485592,31.885180748277662,26.345606480278345,66.65674303811038,6.397387245245062,61.87720654371637,maize
34.78134687259919,27.22630165245213,58.43058531192839,28.281575626163196,49.78661520942795,7.012384468213561,63.6253084939244,mango
66.55240421001132,87.32833238190346,103.7087377989082,25.00502299021297,19.388837560770156,7.558567569213545,67.77661268827045,chickpea
117.31011756241253,20.604135468478695,24.613511165396485,26.52022682272791,66.46296405467538,6.282295319466732,199.45408055847213,coffee
1.5744751927891798,20.87386847944807,53.23456809359372,27.01650141054325,54.03161847913452,6.711793630358966,65.70110803413078,mango
61.8189693095279,93.32198524275964,107.63372205231482,22.75287788305976,64.77962207685246,7.416845258428524,187.27015369058125,chickpea
91.34028761083758,77.93700622165971,73.698564273423,35.835602614491975,62.339815992282276,6.159195028963529,49.566880751897344,muskmelon
56.371860136567506,70.2258201557566,19.3727078751653,28.047274677307367,70.6502973951304,5.671372679887084,104.92750081282486,blackgram
22.788185281416396,18.863737217577892,60.26491152359781,25.42927606566362,67.6639397658823,6.485084059685096,70.54458360125281,pomegranate
109.08088595534959,55.82191749769031,30.20856391593572,28.639714933508355,86.26116504723169,5.72210781047073,167.97980510005243,rice
32.31829312436076,50.710584708573506,33.418976613577236,34.65861935601647,65.02974387248196,6.654706802439335,78.78444251368535,mango
56.73533350853086,72.04275563512579,81.71215454887712,36.61716128913975,70.84472877370622,6.389733993290701,118.6732994097371,papaya
17.811790895008418,53.84009651889106,29.02410816424793,37.725502756401504,58.04440573080748,3.6493015897657264,102.4111541226955,mothbeans
83.33516215075038,47.14031007775114,63.18948459759088,34.67258971400566,87.34730661789158,6.191240337801579,77.29043866828505,watermelon
8.19209636224838,51.91992140876896,52.156381601908905,25.956918343803967,51.61669423630621,6.065530914120197,58.26942546124182,mango
58.764028627765434,60.3008702145688,24.822470375910054,25.564157024028674,61.3283280896287,6.327742336335378,60.493918032794944,blackgram
119.79821022443431,46.66295116807882,53.06962245541531,34.28195448847156,92.74471086016118,5.7473481017431975,217.58162029651402,rice
125.20988877824632,37.45150826229623,41.16382490850459,30.558817338143385,76.06363787036864,6.298644649153763,240.442093220339,sugarcane
71.917727570132,78.15632969460235,50.2885330646484,31.43984148556293,80.19712317125897,5.670917904166815,167.61417886014573,papaya
30.286665016500788,44.13740666595049,24.62302735125354,31.700897727919603,43.40213764024152,4.984734814329982,97.13681557014905,mothbeans
3.3708223672306215,32.474467993303364,28.756277784191614,33.67370638776548,81.50362055401388,6.435521089632462,235.963625043994,coconut
22.578051701469978,132.39985611823508,200.5058280980655,29.186687027426064,65.68201897357434,6.288913962965867,73.36904488253636,grapes
106.79072370906862,44.279225553078334,70.44111610008112,18.118998680141654,68.88976011576983,6.512808249058029,113.26218931339481,wheat
17.161864357334352,75.8816595460855,12.343290662534686,30.556396562440224,70.64797374453826,7.098693053802161,149.76962186612135,mungbean
92.63092604997985,21.706441933329398,42.99581948664881,24.127396903479305,63.28380546840793,6.337831451103536,159.39058392939248,coffee
2.7944768273864673,23.552223641991883,13.456401029129045,18.61264733485158,52.46172136539347,6.404960455283193,176.8421071117242,orange
38.04362718268305,61.53357961400065,33.43912280989824,26.690847156687227,47.611518827562136,5.808137439389518,120.69110150989903,mothbeans
76.35744004401202,46.541964061014056,23.656582800108428,20.173792194416166,75.43353561894949,5.862876695391254,76.258169183353,maize
83.17121138524767,36.9755168093974,47.24055636264987,20.152064131476866,62.408145047495005,6.07173472850901,122.7168282903036,coffee
62.080726891826046,61.54708322993722,87.17512678895376,32.979824774061726,90.22586375600854,6.6710990950430045,121.50047682700286,papaya
103.18443596913136,95.08619601484777,74.70989560326922,29.217217149197754,75.23049376102085,5.926443805714303,160.61935374241403,banana
120.20827094306553,59.01379845777511,25.44402448187749,39.74576510458397,70.03759996410881,7.196276801158671,83.2336853414099,cotton
82.0939506723841,97.9462463082626,65.65961476257151,36.03070290993355,85.1408400751988,5.856983692140113,151.26880723288116,banana
2.1573033136348485,20.330930207785244,20.094789507607032,13.738732963923614,54.1535754444371,6.185358735899236,110.10282464912585,orange
95.17462392816746,46.43336907959015,64.61391362514297,30.591144777796217,88.03232383713645,5.596928464951644,52.616570674111685,watermelon
98.95233739840555,76.58083317560724,73.68664120245532,25.680007240774398,75.08581397312948,6.151319897226239,120.24621836388314,banana
38.26814486363493,97.2971113191526,58.77320501406642,22.25681991394738,44.81673432289511,6.691841746699716,67.90041336268914,pigeonpeas
56.794161551383006,67.12164041911885,29.97296818931786,25.045560625903757,60.552595116168305,6.735760772756791,69.9462686833052,blackgram
96.54662094332828,40.00643331818404,67.73603413716177,39.850283794754866,68.33673377963268,6.496378598347958,59.771824826439804,watermelon
25.362864592238417,114.20508165238297,200.62625615548103,30.28733904276783,56.193913820069575,6.097682335523459,136.9695884851634,grapes
20.155551871650943,38.350625293826184,162.44717623984363,7.786517487241589,60.02646011780344,5.525742409747216,134.10478728306236,apple
46.12945391963038,79.65529775560823,23.152341865629506,26.287733644807844,66.37596723501102,5.57690549869473,89.56699140963161,blackgram
139.15924460699236,48.104792881301364,23.945352102838722,34.365079135848454,53.68762035396163,7.7550499765838765,130.4317531091771,cotton
99.71035139096271,52.311336694801,41.919515307177384,23.582467347404616,56.80427027802356,6.62459363175582,97.881264225269,maize
44.99466773245767,69.3783169149916,24.196084648240724,25.72755224440609,70.1292223753416,6.80633585504,71.34615161389688,blackgram
60.65974971950883,45.47542520275229,76.0007456739242,23.108351163437728,57.92239306510925,6.90077529065048,116.50366745462554,wheat
70.46198574029948,50.72813214307398,41.602060389016124,34.17748985357755,82.0628141621899,5.841066351050259,167.02102818608836,rice
34.93565831636877,25.7996108219613,166.7504284978848,4.974780541193653,61.333904717282344,5.816684356016926,167.7303959298141,apple
22.592766515455843,16.78406862543836,16.453674141556405,26.122658096622924,84.05937797255976,6.9137930870899895,185.31729786467224,orange
27.33443817187598,104.76122611854314,203.14103298546522,12.126645434653069,84.57802505874753,6.280682074687863,89.02385495839951,grapes
31.47960333539301,53.37053499116837,37.62499056645211,35.45347145863299,56.44727027624861,5.138837314370852,71.84382449886803,mothbeans
82.08289624885079,10.512865980424234,71.82177567706592,31.63434201582479,63.92643415660728,5.971131869189002,95.95023718584295,watermelon
104.56239127199886,57.01973337792302,53.83739970187852,15.565581444769041,69.62948691208173,6.060163787118723,136.70314961224486,wheat
63.13547275716142,46.751732762966455,27.804733728861535,26.76985157976876,84.4389127149174,6.013060124888495,82.70873007370372,maize
9.31434227504377,39.680069177283315,39.30705851234114,27.726453966417914,55.12398525755315,6.145619586895701,55.48645859040488,mango
15.903674772425864,24.996898791538253,31.192747024925744,34.5428044662702,87.78920123592907,6.715903890804673,178.27561867274937,coconut
67.62804157996663,76.70138651923588,68.95804319899717,30.104124733510464,85.52081581935482,6.836493061966397,149.61759261011153,papaya
31.88958300091201,42.07116892545106,35.42694388835484,23.660775075064265,48.91241649633995,6.853105708483279,43.01674117737187,lentil
119.60890138460296,48.37626855799734,40.47119505146568,39.96134408580331,68.43221656335339,7.00202917876884,30.600938850578313,muskmelon
36.353059908674496,50.41600269149931,50.29195106730018,29.514494794474324,45.52134316150641,7.012902175977824,68.44947675274477,mango
27.525186586608438,141.5478709456271,202.72412337836715,17.17124383970808,76.07196163241795,6.158901806574857,148.91253191087333,grapes
77.5888638156608,75.8534327408448,40.52007694042944,11.28262796281702,46.23658765438082,6.03979830581073,68.14354350897973,wheat
18.94764529162802,70.21815237301031,37.6058252602686,41.390478529714485,46.491038120649996,5.896113721527916,71.06455976355367,mothbeans
32.60164344759507,78.53954952845147,33.61303397607621,37.521634332628416,74.1454145188891,6.279763425451071,90.19201869926765,mungbean
104.85322496622828,41.561543397866075,23.318107966194827,15.462673000484193,79.85825756714287,6.116364174457776,108.07457873626886,coffee
0.8094493055980179,20.959726698586685,20.20231201081635,30.40400743728781,94.61046837458096,6.822908006909678,132.3425556660216,coconut
80.85429145433892,56.59646897948872,43.86349882369188,29.126133833753432,62.039262455663604,6.298631831618616,57.62080066652087,maize
37.017055146441905,112.87607691062415,203.20223636996627,18.681510170457052,83.73913199447362,5.533423572435503,107.97928438329551,grapes
133.12997009748875,40.05624142112618,19.344039828393594,35.39222432529249,74.77934638124245,6.021402452751773,93.58237578583226,cotton
70.94561671443087,59.5133727417605,32.46816972831186,30.9745927437771,76.12926936085641,6.822381211185355,158.54680904960523,jute
16.847655193015633,43.58266825901688,53.610134610387775,22.60504111445656,57.4331873409369,6.258974993735595,67.90489346374687,pomegranate
133.41920902968778,30.440801659648614,24.477351216798404,29.397528748305483,50.579828927528034,6.073610477801123,117.90997448860894,cotton
2.082095934692285,41.52614423741509,28.59635396282764,26.072277963830434,55.78287902585824,5.088689280945012,52.90387826597745,mothbeans
109.95996069619828,20.89261588724331,44.70007360849493,28.031971546305147,87.62269353164201,6.663177675699511,72.00881252468697,watermelon
26.977334435903547,92.18948259067761,56.74894997335322,28.45127046919597,77.60002504248965,6.861588014694014,91.63348509602375,kidneybeans
82.53633457935416,72.15219561933901,34.114454644582295,32.549088099205704,80.11017520779728,6.1440787860132,243.59977282934736,jute
71.13153094218727,74.74492671822443,71.06387411166966,21.563827669660782,65.34349684350663,7.141535986414498,112.62203216314154,wheat
128.19484040173526,54.51384426046755,36.39290948233542,37.5714585783299,66.29171804144903,6.0095911966090565,207.7680920983825,sugarcane
110.19914932596653,63.559021434773534,74.4499754073226,35.0096807537735,75.50104509866152,5.591084414880052,104.91268938918523,banana
116.70589111617734,46.62406820638647,38.763003504997805,25.50748674581162,56.725923422784376,6.16739452094534,147.05546871357342,coffee
29.48052973927767,78.66537479800749,36.79355129420307,36.014846962239154,53.12083874687844,5.188360293932877,96.26471090504668,pigeonpeas
61.99218652748199,43.14313988620083,55.87693104806384,11.990736310645906,57.02622544784674,7.034197453705898,130.0586699109083,wheat
9.050783390337408,61.71609113318543,34.131893407456054,13.727526847978787,50.077415353200685,6.268476838187487,35.19208411994457,lentil
34.65288619507831,66.76990389771578,24.342214310905938,33.4872264898865,49.15474991611869,7.378748598068381,80.00225794272612,pigeonpeas
52.07953466271239,50.39224606203116,23.088457910047246,35.3189684913868,65.32456572634936,6.404937265918026,116.89001056186179,blackgram
22.44468385709052,79.75899953221064,31.056421643746987,23.5309191247224,63.5491005404967,6.152438659526825,66.7183782292196,kidneybeans
66.32842199739784,56.271204188971765,44.66309481800677,22.565040090090747,78.26835552775982,7.428953307801623,60.188322956384454,maize
90.6114035634421,76.15812260759557,52.82651018945729,33.28507020183254,61.51522412496846,6.065821632553115,63.22239276393218,muskmelon
81.5519781891555,47.47090112924517,73.24983220359769,36.50152534507504,70.5192807437144,6.565215941661319,52.01326601321477,muskmelon
102.18748099153468,44.777969256500484,38.94376377749062,25.197271151766365,69.964074830444,6.207070534107833,243.69187898892062,coffee
21.439193141237922,81.7559368285259,49.58204594939971,30.890055104084595,51.76383564960365,5.295810182507846,84.65412644210326,pigeonpeas
51.21061200697713,88.57984611137398,108.85596753309738,16.632110853450982,66.267154031564,6.640322601955998,162.82261889181632,chickpea
99.16606220402463,66.95355593080018,55.406616732868585,29.216281905569733,83.52967499041209,6.594241827308597,240.47251801844203,jute
11.675146626294232,78.88617559363217,33.71776385951239,31.37144919627392,61.731747163587,6.792445440790415,125.87637507018775,mungbean
67.87469266094325,41.30104717965008,76.83391391262748,19.249754717811072,63.89611872928529,6.722283527268825,61.73081889623945,wheat
21.011139091897732,76.26153255548053,54.63365901679769,36.899899671270205,69.78173858780883,7.397983716146304,30.415922909104808,pigeonpeas
109.49733873499225,45.37091332637372,17.60562007020869,30.152181242317,64.63001205863793,7.234893371000039,193.0743473620685,cotton
94.73638095787736,77.05855191824739,42.58882148420431,25.658092139497963,70.78783667385639,6.57394986606901,208.93426633397684,jute
35.21687611494419,18.67447405662842,18.24187219265078,10.890303756821037,69.91905210349573,6.8312545824165,155.88408709546664,orange
40.474853866774374,65.0327820280372,78.90375245924159,30.6390756310494,83.37181889396888,6.814897178252528,191.24850542303685,papaya
66.52076455259545,49.35251332372256,30.71123260933555,35.854313674027246,89.49381192097103,6.1354595367946905,184.7212820647947,jute
80.78075966195767,53.878128075849105,69.50004992438994,16.783269113347107,46.738144688199455,6.67865927419904,64.08570203797998,wheat
139.95570448133162,39.799177482777324,42.44551736146539,35.48664568934861,86.45058177518072,6.995256594804313,136.2244727885302,sugarcane
18.24508835786533,10.600404514346726,17.94455059132465,24.28300038582757,88.1249845003186,6.775104067410097,181.91073261776876,orange
81.7341264991373,43.38045154967729,20.785901255961942,18.290301166696263,79.9509113102732,6.046141619945625,75.90393831194078,maize
25.065747332470334,29.103733732189735,27.17266661254214,29.528011505434918,85.81847793427595,5.751919819281327,228.00975938601127,coconut
98.45969298296448,66.71471626803253,57.996152632779186,28.45145329657794,82.22927222451321,6.678499968292638,197.63245503863828,jute
8.64931577563965,12.779199395341276,52.81544398304907,36.155464292169896,43.317375612059784,6.757506730890078,78.88562848768382,pomegranate
119.06244093291618,39.368077311752344,48.036316421465465,18.944012067178733,74.54727282492225,6.382929321942371,203.74834777998123,coffee
32.086088396429574,128.35084062784722,202.08691470900237,12.906609485374371,57.80678220737007,5.516671550599633,137.35342642452144,grapes
43.778497032043475,99.44378560687716,97.45346968227106,26.17411721094814,93.33533301123887,6.044698885389193,184.47091670758624,papaya
19.19932262115967,73.08600782015509,36.3425456434029,40.571864023155314,45.957000225722055,6.349398060386009,65.16669603576203,mothbeans
50.233232141006056,70.18665020524651,27.93570576786411,27.353817688507537,70.88473515220835,6.925825557915634,112.53976298804128,blackgram
31.61629903531952,7.749557320992424,10.470114761480946,30.201454804276743,84.95901214955003,6.72102297317489,194.75203074774407,coconut
100.46102563237972,46.74086121772485,76.1645464191802,26.50446741465186,70.99913100289369,6.738242800093392,49.56369308628413,watermelon
80.88264594729164,49.47563816768116,22.58396417191041,25.5870281304939,62.00836881378531,6.066089828876936,165.97834595707525,coffee
2.0688353021861383,38.441533208344616,12.229926170607405,15.200457684468612,58.82317023046453,7.13237196863475,72.85048751293732,lentil
102.00904045855896,32.18705506103711,25.071832065815926,28.724647904767092,56.97152969168143,6.41820989759917,172.48758406156384,cotton
14.946011854919368,17.762429135369942,11.913802321160023,32.864610880543694,53.64145259781767,6.972313766172833,141.31944788027977,orange
23.916500977103155,65.22495867477167,57.35816527180952,17.162841958592296,56.132113242966085,5.869398585971179,115.98089238782524,kidneybeans
91.88127789408888,46.219053648303195,49.1228970449462,31.4391873383946,94.63778119193802,6.016300348301195,198.4434709411869,rice
20.589687750271196,23.98318854160116,30.480844693653694,39.45527783030573,51.30958501860525,6.706426124199009,44.782904391237096,mango
35.951311050690435,88.39308299679504,41.097443397169116,22.7182963700067,52.624388172527844,6.4837734228608115,114.67470934525798,kidneybeans
57.99776002742561,59.78492696515198,26.46845577085653,25.305531496638213,67.50994482643242,5.666122761745764,85.24754415956994,blackgram
90.43408852130355,31.662914362015684,24.450296028862667,29.839561475506162,83.95356089308137,5.509879961868819,97.59058927116195,maize
99.27067285686812,50.930381079928374,78.0345424900164,12.265868376713502,52.97004403127806,7.4154238802513985,91.97273169261223,wheat
110.61304550221868,48.04661637899472,28.89679736617792,34.28751413292615,83.97513206304828,5.205031928132949,177.07816963101516,sugarcane
35.138536902540274,127.30222908865017,200.83393667591838,35.112298834016585,76.60334000544837,5.586135771549037,96.38098246743763,grapes
60.78566739530002,66.54149488066842,47.121438674790056,24.416054762041828,44.45988183259339,6.621936185590536,58.534966807864386,wheat
108.15859858774263,48.327475469515704,34.489066162560654,19.601759668991324,57.41804541271374,6.95587861394753,74.82305761776499,maize
21.970050855115772,40.92115182703438,17.335224920332756,12.467074303658464,65.47212624710477,7.232958717082489,43.05577087528418,lentil
16.138764176770596,64.14186330144494,32.93197607687723,35.91817444476254,65.8435360676409,7.131028596277563,105.29468935778924,mungbean
87.23140602249518,28.063928450905944,25.959337306922173,18.209141358744528,62.66038623377591,6.277566893376594,188.19874441957492,coffee
31.877900160625835,33.617044124315655,154.84586635334975,13.152515933499242,71.0821489786876,6.292703405780752,162.9117578634267,apple
11.761588401599962,28.409733677090365,4.615994331233129,28.50894866170959,92.71957539968885,5.735316092118216,218.21907610712282,coconut
36.150690455964266,16.393906924734,20.9973633697387,29.63407627833093,86.71435808998288,6.5503815385878115,205.3537814538984,coconut
21.82399728484935,40.08997906710951,12.116028857119657,35.04645840720263,64.9936212867865,6.8089048610300384,118.77730355454815,mungbean
89.20996758118285,64.76690941463346,35.59919819393048,25.333965383302306,75.69082771353868,6.443033706337619,242.56589166429845,jute
65.57943838938793,53.52809067793562,34.42918669658371,25.70790631086273,56.94560783448905,6.659967574856262,78.07422939797618,maize
23.985706904666017,62.72924000957301,13.10492510780703,28.295580456025192,78.37958651000797,6.869942613363767,51.344404398341624,mungbean
107.62490968325366,60.537379885032806,66.02426093008414,38.345311188574975,73.21303711968139,7.351766434826033,65.04014085689928,muskmelon
127.70129726148431,34.03305388224366,22.48488970929203,29.739448406672217,74.13311623038516,6.413271719312016,89.49869494140844,cotton
34.088568268919175,32.150958171777525,58.714714045250545,39.52892439001643,67.05225028121926,5.992763581506795,106.67158842024698,pomegranate
23.13893004007543,79.50383098053123,27.449338956513465,32.779652754020496,46.49157318330558,4.048662952689658,64.31647077775791,mothbeans
20.341555659908316,29.070155020333125,163.53373029826446,0.7000960457777872,68.15304866711452,5.895744829847354,129.86721573875496,apple
24.59687383585694,78.87371899350455,54.75403007204656,27.467263456576816,56.03978700247255,5.050487307710832,41.10186040866296,pigeonpeas
115.70922973085665,46.60113569249316,35.0939741765462,27.520219883179607,86.47041927920387,6.3538815659936745,225.68625622777054,sugarcane
19.785551838337277,78.04587157790307,15.480844381341484,29.046188283521758,70.19785151461744,7.0630269481496235,91.66700832063705,mungbean
14.536157279977079,57.5272469009889,38.26700328927535,29.982587830925986,61.02425254005221,7.030632599050772,95.76420903094923,mango
32.63283404101181,18.01532852156032,13.005317136010577,29.53776567996406,92.28106985681978,5.249228415415042,271.5311976483655,coconut
52.02192105069324,75.74736757572224,27.20975961859963,34.388022531116164,72.3014668003702,5.726189223748527,133.59491109115683,blackgram
97.32320814408524,67.68167974236016,76.17701369268602,25.1696671078574,75.38710752286846,5.52027997376742,162.23153564542642,banana
17.246284381479335,54.5229762578744,12.223575231578742,25.45164789699025,69.3746705364292,6.598659287518412,63.68803196918277,mungbean
114.3752748312622,39.981847993980246,28.158491783858928,27.112779149015566,68.4921952735162,7.053421113910362,53.26830787821926,maize
15.540983123629093,69.32589214472347,50.29222381339501,30.54998964616643,63.48207131080575,6.86537625956697,33.542097098526334,pigeonpeas
136.73705728581635,58.52785783507645,37.31367758114962,29.64257507090654,84.68872714646949,5.5020027665246,184.61110432502767,sugarcane
24.169580413285694,42.66981117890726,60.4539862481157,24.299626913195443,47.3593149395794,6.948687295160451,40.57653691143721,pomegranate
80.86855247413158,67.12064610236254,62.62927855983165,14.00542405254132,66.35889959065474,7.196139032410392,115.84518346584255,wheat
105.42581287810452,30.678733204119215,24.455203449310424,22.754071980376068,75.35959801672703,6.191061747229987,119.84030726477226,coffee
12.345305940958028,12.606478934046564,13.981646256559156,24.692580708536912,52.56174095459154,7.293651195211735,196.1499679237147,orange
113.81367808979552,40.06831362809528,49.355764051674214,36.13498390872305,82.52924653975649,6.45411352323078,184.31091916038565,sugarcane
24.13670313889133,25.56492038460121,52.30569573372634,31.842260338462182,44.966058780815985,6.10409855480045,64.04014116136452,pomegranate
35.626667035676284,28.74125272488984,2.9187333170275087,35.138017671762874,87.39552682310307,6.6935660543376585,220.14795489007867,coconut
12.668684881008643,10.326326706339133,1.5098926786973355,31.331122590128736,83.4494212310155,5.296267844032766,230.76599276553554,coconut
31.260925181322683,28.616153446895236,14.915006243717757,24.42397875302448,60.98178338961779,7.236141735726561,100.53241905710642,orange
89.55750625745155,30.34060934302257,44.05981925982379,22.731942583863887,81.78226874402108,5.617526246777105,247.38154531740952,rice
27.858746100556132,95.18831929616212,59.19212652416618,22.406542370589925,61.71921964413017,6.207906892834688,111.16420474391589,kidneybeans
6.223612975400314,68.40050629010875,11.133526654367389,27.5973820579085,40.139334492549665,7.747337311302663,51.51276266914247,lentil
49.80387670114545,88.58888807237705,106.49763153840546,25.249149156335847,29.819116991145044,6.97706368443048,122.15071095843575,chickpea
113.52636805604347,81.00808800923188,48.33307787440159,30.395014593495638,83.32623902156476,6.242457564213557,121.98829897073492,banana
112.80474525368749,56.03509476188776,35.98873359654006,21.892005037384507,64.99005739174594,6.83897391039638,99.70696806105838,maize
30.872391050799823,65.92916772651321,20.011445454273787,27.8566925280147,43.08498448192472,6.105945812092202,89.89218389378198,lentil
87.30129838150887,63.01436692516394,42.87187107907998,28.586995026947108,85.37162661826405,6.226272430003187,253.85314592316212,jute
2.196195636430973,26.935659161193406,35.65130659311002,34.86215533976406,82.7606155223217,5.591852697960577,243.40958774142095,coconut
8.56028452695497,19.021060865047733,12.727008380348126,26.267254890195428,94.50477527042057,5.3201482109734615,257.46516749147906,coconut
77.76414227626475,61.27487066020066,56.20855586211646,37.942395706378946,81.65428898689363,6.812473821044172,199.0411536505013,jute
109.08651238960553,49.23044697555406,46.22770391023732,27.610633328832883,66.35394449644508,7.085079535242674,51.214437787007085,watermelon
133.7084760864222,39.400437527554296,34.72331179440018,38.269954316971756,63.014522587295886,7.801874916479663,112.824527554847,cotton
97.70309383731262,21.450881331463425,44.61462753440824,25.74243054235243,69.70001158574071,6.176551444469195,219.9675046668675,coffee
55.92597974091626,78.99839101015715,97.40266409264451,26.03126428133016,82.68485234612402,5.993379667316087,150.83116942766947,papaya
28.31577803154506,71.99965882214845,21.94133802918676,26.16421408941246,72.3828038658268,6.506088610118085,98.61802728717723,kidneybeans
106.32074857859942,31.086696849022392,21.95613773781476,23.567176521747992,82.27660617584681,6.5774035959054284,74.89062540171452,maize
70.63137170862898,72.06005511064662,85.82381313210834,30.797405842958707,75.28157292345492,6.44901555226204,197.6013925598794,papaya
74.54458394490482,33.445104742176106,48.31860127324897,25.752197192123326,88.71857332133918,5.654362715274202,222.17101527822263,rice
94.76544775236817,30.715770019791343,30.322748535483264,21.76706988496316,66.01662208560734,6.439957313363507,175.82811875852354,coffee
95.26465996436539,43.25703616697168,30.277732484333953,23.15969540306451,59.80040211850092,6.073010509648482,240.7096209352197,coffee
93.92436940062521,77.88645851600991,56.54565353088013,34.60787068721184,75.54929359449908,6.2816160421056315,294.5040480669057,jute
5.1638539943853345,58.26047026887161,25.433892323385187,30.982385947897235,41.88625302925495,4.784384152130425,148.32576109615698,mothbeans
32.45658473922359,66.11555382579185,53.791614411582465,17.936626671197043,77.96846432212342,5.875856937133221,104.03285839642452,kidneybeans
25.129552595024027,97.0490980082332,34.12617609130152,28.257118835604338,69.44624179132938,5.498309647376434,34.56786323875042,pigeonpeas
72.0090146546886,46.69930329036279,44.18271361337601,19.54645374315455,61.19427179460703,6.047379217238463,143.62122462436898,wheat
48.979220049309134,62.73812677704171,103.7045574984576,17.53929315409184,55.11941935796024,6.146401439782015,107.94615787301603,chickpea
24.20235551880429,105.23492772099675,204.85058443209215,8.747381703527179,79.08092216008065,6.288035149575022,79.7214113845096,grapes
3.477582427690167,14.459000171155072,13.761171329581511,20.700483810991095,76.3313513370463,6.395709112419536,101.2069935300618,orange
38.09965201737298,33.39878197924743,36.11604044653484,35.0307071554348,86.88738695563868,5.503576906693769,174.06403509010443,coconut
79.57570149626355,69.66565807344169,44.77707212259892,31.281351223077692,86.76460842163601,6.361403779067186,278.96920122174686,jute
28.84543414396174,40.20924867674262,12.67749254909752,11.416305824954161,52.78454645352171,7.89168881812543,45.24103239729172,lentil
84.50436917396883,77.35949674050468,47.343185094205836,28.791487899267462,72.19909580654911,6.574746702838689,67.67977354387334,muskmelon
34.14519714111828,14.838554562384731,27.52584697047875,10.476085231857295,79.2981851653492,7.39966983175298,165.71976616400622,orange
95.3392449030017,46.08912855667467,66.66835421585827,29.26432433643189,77.57334812793142,6.880151861766887,46.74378925417215,muskmelon
11.44240206637142,20.673470709379966,10.53454475992317,25.35783483646594,88.98648987654128,5.177859045510048,111.63355174418494,coconut
115.7403988557327,40.27156891609588,53.28002808470717,35.91107468540086,64.55940547422153,5.760635976182582,60.737622222169534,watermelon
13.909591291837028,55.994347805488616,27.216136524915022,39.04810657297507,49.04278110244895,5.071082996734065,148.24473570470747,mothbeans
106.03886980874178,42.98068279199717,56.70834267891904,25.169361456418404,68.20999154764372,7.460010926393634,75.77551451396212,watermelon
32.90827568141738,99.91538832913842,33.94023199326364,34.993959360309525,60.92904468497993,6.7284661130375465,52.80849163914992,pigeonpeas
97.93834983561476,49.00589132282684,46.073240522242756,23.17376701070731,92.52953743383857,5.820780064971736,177.97777655997814,rice
113.4447446218017,50.598682462217724,57.94530366470937,33.06538192886457,79.90874162301898,7.175957775758384,43.688436972695364,muskmelon
26.71440888958722,61.14212102074168,33.28418211074566,19.63132749602586,63.92466933139052,7.191615064779939,52.01822683223503,lentil
31.615119981113182,133.37578580463205,203.3761541878102,14.99998759806292,65.57443140830054,5.626110141678625,62.9857013417881,grapes
30.51263829199008,84.98957839625832,50.30107976531378,27.615414566361174,72.8543929062759,6.031007414771864,119.80358406346399,kidneybeans
104.88667696694431,83.40881317563822,51.235330922703994,36.56354722256499,79.56165011014255,5.949725410592106,154.37624559186557,banana
33.839850441134885,90.11794398652442,26.05928452119833,21.00884035979717,64.48452483051233,6.033531084841561,79.3267557581483,kidneybeans
35.35321897016236,60.10771530632272,23.617988852289713,30.303159823705855,69.94490960379126,6.2404388312126615,139.27933564206597,mungbean
34.03121530522728,50.28024928889729,28.141839123160395,33.47567668838044,50.66653685505873,5.478470513262955,54.160323335532134,mothbeans
125.71527640234831,50.82451720529493,27.816368828626324,28.8849708271477,56.379331291132885,5.873016580037337,102.55249617370134,cotton
125.04937285684255,44.66693495377354,25.044470016358105,39.90157422239517,76.4094428644678,7.171493107950768,139.7128305655196,cotton
97.30219513677248,44.74575062966321,58.0124826900441,33.89026387385946,80.63144305373463,6.032659060784496,221.33942877330125,jute
128.40971194493247,39.43050339551245,26.779197473320366,37.146190363367545,63.777955915196415,6.587156183715972,129.18974261504198,cotton
89.25427162040306,31.344544007331304,21.879596103660635,28.877249440132932,59.17736113352785,6.564841364550434,70.55478013003533,maize
32.082502372432124,61.558035861649344,32.79991474992906,16.281908835434397,53.615597670551566,7.189936714682941,98.175840850128,lentil
97.69574962992775,41.842766787018704,61.7551168464447,30.07831041155577,74.20304800782147,6.919755541114675,72.12806574906921,muskmelon
16.59390426242183,25.357218462517107,10.810183458826437,13.072779563556125,58.122823716802486,6.60292788692283,184.57448783257632,orange
65.90313963227436,98.65105007589584,105.72627846402035,29.803152704125807,31.62371672022586,5.67099670484766,83.19284344669778,chickpea
22.815493014701232,36.25416844382585,31.36247119313915,31.960253894603454,84.72584744911399,6.08376034655244,118.24896826085107,coconut
25.991629100504987,43.36440397238743,23.626517122086263,33.08854585490822,53.07130305362204,3.9376073808616883,68.5223330830938,mothbeans
113.30447093304525,44.12496694951652,45.992695506191005,15.775025229480567,72.30126382599363,6.069993688360881,162.37278520276163,coffee
68.39218853089488,97.52960065379692,62.230813702613304,36.19196467357963,83.02038965360205,5.902835710930962,177.66068397963906,papaya
111.05565474610904,83.83707248466935,65.7746280197027,34.120157165096096,76.76968499155538,6.333209456910263,170.5619804180144,banana
61.76720463767815,77.17349349906816,74.85769079414358,27.021786773761573,82.40188696251327,5.753655850630977,112.61357862957652,papaya
97.21265712169563,50.988201312285746,75.51006098686753,25.608785682020425,87.41182482019377,7.2494912078295,37.854242986448924,muskmelon
102.7946872333797,52.82355145850693,46.83831592708489,32.02257333940929,87.40693394546587,6.022732829381994,214.13115275378243,rice
24.26878319128928,22.53567634103689,22.76006470432496,25.71803467563955,72.14912925593445,7.479621027724333,173.2290567425696,orange
74.88693020987589,66.46669038516757,34.23670630119449,32.42140641891319,73.70540710766647,6.2786430631150365,182.80647004853748,jute
123.26489171956774,43.09842569306298,37.40266504008363,31.717079007941482,83.96940634393313,5.564992131945704,152.95755874004536,sugarcane
9.692424255497908,16.562713030712658,9.30920967480214,29.861585444300566,93.08698284887808,6.424126842818342,215.99239610702222,coconut
136.2878012282332,50.12196935717502,29.011015774510998,25.775831507415695,63.411666314192765,6.812788196644238,181.0389053331738,cotton
34.25197306864468,29.624387532469576,38.667465748215704,22.07336255394895,40.0047323373417,6.577356992471927,47.776804619219334,pomegranate
87.5950131638368,21.168735390453925,31.754326838515148,25.431223197867215,63.531111243943016,6.222091703439183,201.3380160351158,coffee
53.38941306317116,84.77442295888252,84.93177947159779,35.559038609917465,82.3130463505127,6.872329225182256,148.91965179806155,papaya
5.509132060685644,24.486648828925826,6.661823543752052,30.458077400585907,88.85174633516706,5.596083396693829,107.01298980374374,coconut
29.45119595133686,21.42679056906154,11.335005097015138,12.911138102117786,73.8589831017581,6.41246878796046,107.96451290347659,orange
135.60860010544698,38.622287893967396,24.194649693903823,24.929471233285597,53.34536636963829,6.934896185967122,97.46297474191601,cotton
37.031628000344746,138.87053303342515,202.03386874286002,33.92028126604387,59.3162846616934,5.5086190025917805,51.99729325780281,grapes
26.76320067449133,37.69337979740148,32.923501160275215,22.671563619896098,87.0662427605677,5.795906112402667,162.02944421816042,coconut
65.13303448755057,63.1397003291732,50.80266384168927,34.10794945312787,85.06944221319193,6.872859421565664,224.99384879471825,jute
32.477690052072205,72.53049205402617,32.85434309491116,32.78624861337108,57.29355505171301,6.278022252809752,52.3806043258343,mothbeans
18.162212904381967,42.048396009745154,60.86672425242983,40.06873509390798,55.9960199310712,5.6500970073498,81.20822820352112,pomegranate
85.92461297665176,47.57619958777809,38.38818747483576,29.316910052936493,62.220781354975145,5.743002752601836,59.873524492996864,maize
1.313417163355104,58.73638180097435,37.70565658193801,31.147034529145266,58.64900842161286,5.391825414951828,143.41553437930065,mothbeans
83.07032247554952,20.125623308838737,40.113030013907526,23.343653718418658,65.2697202499903,6.244822038016016,162.31645008881344,coffee
84.5297380655928,32.80748863199218,74.4737529317932,31.633757083102818,89.83692770053574,6.858343399075986,44.44449443262687,watermelon
6.8404341767291355,27.03474243532575,37.48692459707788,36.55929696274501,54.23117919923857,6.026715535835218,65.27697484385268,pomegranate
34.64004481057556,96.01504089390397,28.741938460822517,31.258943068100674,51.76404487308326,7.473870298237193,63.51829710821771,pigeonpeas
50.63896258616448,73.10702366349503,77.45720076207256,39.236686853323704,94.96543297910962,5.85311087326229,172.69798713458152,papaya
65.30955012311517,35.87948587257436,31.35681866731614,26.229294299922437,85.83015934534222,5.771349031773896,274.3106263727894,rice
100.72026222401819,58.88431071222078,33.16677480175808,28.87601752617813,74.8818399457654,6.419346636512846,182.1855375392579,cotton
135.27711033218577,42.82469063761845,19.055835144561982,24.201720319612143,66.79267050915148,6.960279168669888,160.7095071316822,cotton
134.50561884596715,35.3776683572337,44.00010445291044,32.18519198434109,74.91384204974908,5.263430057158187,229.79436383633686,sugarcane
112.6320324487865,55.69780429690542,72.66397757886308,16.587023628553276,51.30833288274722,6.69401967850441,80.13778741641421,wheat
49.6507408921527,72.29248170993588,20.198669818136686,35.86701294936157,75.16891913999729,5.981882760120869,60.30191944422061,blackgram
119.81245511075684,60.0878004132497,63.81540069280175,11.006147160826412,62.498814111975335,6.314858389643379,139.80542894407137,wheat
0.5979988441695561,35.60075604595059,9.798140334638244,33.675194039147534,92.16523062398105,6.717972782064233,298.31884713283335,coconut
104.38020489797724,74.71328897283826,56.62644006001797,35.31265182750042,79.64759657291518,6.44304881063762,117.96338263721407,banana
38.72290011638714,40.119447721567404,190.5581301939566,0.7878119716617631,64.03578387902479,6.146621133657556,183.0032683628075,apple
0.9950352805842178,25.073422440646628,65.83195430035366,24.59128511560759,48.19244350963955,5.953933427622833,82.86193693928456,pomegranate
104.18665413748337,77.37468059076059,77.02274051627106,16.76259057106198,43.39714137522266,7.477261798443502,133.88980864459342,wheat
9.379360271326798,29.225921132496357,177.59143667670844,15.16259624766613,57.71355511996084,6.44865408090299,116.97584982071359,apple
14.889811807442857,28.826578180314492,22.192270330957918,28.76602349546846,88.48627346336873,5.730902969306547,287.22926708642257,coconut
36.38692297443542,96.44340526296195,52.52347856455279,19.576637853181232,67.59929037336903,6.872222723786842,79.239883573371,kidneybeans
37.61588135782177,20.42665530248407,192.66732488043618,20.723794811107638,73.17567775287634,5.66883360665257,182.18014592542005,apple
33.52391492713078,138.63700481421242,204.8136629193057,29.363801996681108,60.52303970082871,5.605650345448931,131.2850971536758,grapes
35.20525413734567,35.510140376559455,38.306538992358924,35.883287356267004,80.03211379018212,5.760482332826781,263.7085159811006,coconut
16.669962424962126,30.29182288284772,9.080051973536825,25.540425457058944,82.4212548153136,5.7439895195783235,269.40240707781675,coconut
72.94121649941965,66.60223956026525,46.6973528550646,29.455502030562794,72.69152534208216,6.094418897660481,274.7277499668335,jute
21.684260223541965,144.3059153369251,203.33203652347459,17.703738327756362,72.57425182645733,5.609482366068994,146.58366688075836,grapes
45.9496603948599,83.07158833988944,121.75880188196841,16.143773465193803,65.64206477672758,7.839297592241607,144.83302422107954,chickpea
2.895055727764899,48.1652656628429,161.16277005346805,22.135386611606034,62.77679465110045,6.485524133255218,155.40583834602108,apple
33.770243768191264,62.9595553680762,28.131582217438247,16.393495717411792,51.89503192709093,5.901627498309312,94.31393805962219,kidneybeans
64.23497272852518,54.19590733946216,42.39517551623159,33.78569802635296,83.16319648595147,6.070108139641257,209.28889731467368,jute
101.42368971776192,31.179364195232967,53.98231196727128,30.1627050633818,81.22638547923307,6.373578624106777,288.130860079772,rice
26.707523689998958,94.32054630273308,33.69527064036753,24.79987385098762,69.54597821034528,7.277839425325208,32.029492149928586,pigeonpeas
42.92926017108935,83.99471892620188,106.8548969129769,22.74349646903744,63.023760806055456,6.072738482599618,65.708258407792,chickpea
26.249119616352267,25.401649513616466,63.45892766663885,40.7989202239729,64.16910775824755,6.0663181344933355,95.20805004619969,pomegranate
36.443658116334674,91.14608604299637,55.59989930324528,28.92198279023166,57.14366214283248,6.135786841253908,60.8777123523042,kidneybeans
26.748295732117477,73.06813594782834,34.93404296211088,28.666550612265723,70.95474888648548,6.283217702740071,141.52518840307584,mungbean
15.651074216277824,56.80538216732401,39.378034342280756,36.80832939765438,54.383438456842505,5.188106016113203,147.46092108632416,mothbeans
97.53262914605264,72.74960917936204,59.50701619540989,28.375720906355383,89.39447265595953,6.431233869791558,202.12781929706318,jute
106.50889693472712,86.88420268055059,50.08780645711673,27.19600974347523,87.5219773886991,6.261805254954952,132.90958803147595,banana
20.127343843090248,88.61936719097557,52.357092288711655,28.14560559252741,55.196614476442534,5.081637586485506,34.85213829599218,pigeonpeas
127.88543223567237,49.459168703064464,28.258646403555804,27.030685392926085,80.89850817066777,6.198604232278876,126.90340154338614,sugarcane
37.816237886276056,61.642654949864465,22.861552875615057,19.87577285414381,56.98339053312437,5.897396329333609,73.27619991755286,kidneybeans
60.770536579513774,80.23469194114753,74.3575412959018,28.831805846964556,24.741411277310515,6.815192794904075,172.49946419604342,chickpea
30.050924677509837,27.140682779376576,7.936404047742509,29.90379488229586,91.87460108274594,5.951408156378113,207.32465594709876,coconut
119.71328526727902,26.315769471207616,51.4961013538193,32.92606693724617,69.12922775462593,5.672915014240305,40.085700584750604,watermelon
64.66407821789909,59.23184422998499,59.586322334388086,31.076102282256684,88.04144549516181,5.809527616286328,272.0692529560423,rice
119.19837471007052,41.22812387268361,41.11926441200673,32.56639437434753,94.20872866075788,6.4860010638228704,263.00672778884126,rice
38.33512006237493,136.03681449368878,202.2556503489892,32.43577504307507,72.58706496342285,5.992367048701249,69.23157727843505,grapes
17.74582586413915,13.48134260366217,41.46636993789011,36.755765838205726,44.54763735706958,6.470739341690436,104.21980969631508,pomegranate
35.770294694250644,63.536137909799166,27.810012352445533,32.431316402511925,69.10022064613915,5.72445508226339,94.9727308323782,blackgram
2.7118558331245035,24.47161400879962,26.119402573419077,17.23744662799299,76.56502957133401,6.63988785158159,188.91193557274428,orange
31.073254777931542,44.85667647972929,11.1817048866906,16.53843121411919,58.31928252764934,6.238500335362933,94.68241447011782,lentil
71.46078195708492,72.1056124941172,59.91713699710808,25.390338069282105,87.94731731581864,6.622630533598658,296.00739287472317,jute
10.791842315694566,20.45745625206349,17.6059378889653,30.1988568220265,90.09070417250655,5.774261017942297,150.26153742843135,coconut
40.959017895061265,65.65126773507907,90.99340737635025,33.309126007819565,81.26456232040293,5.92828760757301,129.8042522791356,papaya
47.25337700818085,86.90959486622495,22.35178854190173,25.37515287336962,61.283909719956284,6.306884546901829,121.87890348200257,blackgram
28.386853740180978,59.34846332836607,31.50526050959922,26.450418396813507,61.613702243882685,6.063650006590944,51.058083817005944,mango
61.798415392360674,42.31719766364763,41.1404228820994,20.42224142547538,75.20297299974752,7.439824092214541,54.69503578947092,maize
108.3894833920408,10.29431318501658,60.728229287300834,24.60045852050885,77.07690636274344,7.341541699272151,98.10514783002446,watermelon
35.114282672021695,91.58797721262059,24.190330381539923,27.544648125235074,62.245792454522544,5.8942345393185835,94.54500501121863,kidneybeans
93.78663636360898,57.25206825364059,41.37121456149105,36.89578952272389,75.02338535096803,6.8442123252861435,222.6030858764106,jute
128.10162006139228,38.9415662591833,17.634123056271413,36.50918181351897,69.32447664427748,5.906009227265251,110.40706522613696,cotton
68.49789108781891,66.5409437565381,42.33592466647637,30.231281370891054,87.69173776459228,6.8955628481318385,286.37628960803784,jute
48.605209056987164,82.06718255010557,112.12351094773285,29.97971827401331,26.065127819165845,6.803401445924772,108.46594307990944,chickpea
21.25814952036048,108.4306056097055,200.16235385845874,33.27399844938042,76.6999091198189,5.636056234431643,133.6078900795281,grapes
106.40838754119605,45.23494642873399,78.79284180314178,16.80684312075459,47.081513900393915,6.110245120995019,66.97579050875407,wheat
86.38023926605308,67.52182228296516,33.61162736367267,37.2008871851507,73.62366558100166,6.622753403239841,183.40141186846273,jute
39.86733111738719,40.03160924719151,182.23599886909088,8.526951437263651,51.474824874651446,5.531056876035156,155.4181255448799,apple
70.87818237592795,48.715655185069764,49.85503755341995,33.238250796951874,81.86922765409447,6.016243443209453,259.31670816759714,jute
74.04877549395124,43.75106105028066,44.58391455644772,36.96961545445426,70.80118238101389,6.291460913493794,181.1311404308555,jute
105.67887959043975,40.438242347465,26.258774472635316,35.9812213914129,69.53442754645022,7.166042848452548,109.33249252535163,cotton
15.091402491847319,30.47790930740343,17.11394807149969,28.055374232535737,68.44010501691446,7.120389831500037,137.9184917779098,mungbean
8.594846953965384,75.56384970864958,39.867217101094866,26.47353553956412,57.245032566049744,4.6715470930531815,102.40724465067044,mothbeans
92.38527240011383,66.54937442775754,66.63137605875484,29.293364608599916,73.80307879673063,6.290170842017906,32.62232489179014,muskmelon
94.40627328739717,48.95511636509398,43.45336565934959,25.811740032074837,84.92996818054874,6.1725184560770385,262.85617941565204,rice
91.1009121960957,47.336525080938195,68.94138293324355,33.23498681957294,79.43160163261837,5.558598886206837,77.0861779337018,watermelon
99.079676615127,65.6911265402846,41.53446219151898,34.32196633985177,83.33633116610632,6.750537540576586,41.45079970563422,muskmelon
100.99488169737876,49.8869905603371,38.53541720603641,28.42685981374462,72.11829239916489,5.560774119393674,96.54743477534889,maize
38.3547601007216,97.15815639266745,28.26105164123597,26.090733043766573,70.33306978522486,5.8375875182720085,91.07770895242906,blackgram
14.065994893676216,56.38193892048554,47.06866449845552,36.432618807724666,64.3542015505266,6.183698083834516,66.0216598792228,mango
53.93911903182621,58.95898373126613,82.35350831294369,31.9640855398651,82.38294117334772,6.141537682050192,195.6019710486567,papaya
100.99552581957576,43.045234379612005,74.04827656195076,17.427197905209617,54.41759731979944,6.888611676989276,132.4680965925149,wheat
14.603756809272234,34.459794108767966,184.8015703494557,8.219405260471301,53.23887344332507,5.569645867748266,158.89360225625478,apple
7.472315927619939,56.19621208471324,21.272780434118886,27.684687719099927,59.962143779147624,7.913097817458413,44.101253715205566,lentil
72.7149625436189,74.97348251840785,129.40680729330967,17.44374157147936,29.89873302645061,5.699694925832849,111.01975358693517,chickpea
90.73331524876048,57.20911116833413,21.25018701807153,19.017504192549637,76.48970164188047,5.644168671997347,53.56283638826293,maize
65.87687694335084,53.70580586090086,55.939767655744205,27.014029044864756,71.6547367123638,6.484537995080011,195.36292669178044,jute
32.674419221640896,42.021070289539836,14.490203937508033,14.073955115267342,54.05739413125417,6.849735854136022,50.22211095619588,lentil
11.868251566795983,62.510802832061266,24.98704621813404,38.888717473754184,42.2100270245538,5.988339919284993,110.27298005076018,mothbeans
75.45744221421562,72.08195461957361,119.97687962694361,24.18070619486633,38.49496393246045,6.149758964648439,111.66205790843236,chickpea
0.2418817273591367,39.35440875457246,33.69742374397654,29.615186342169228,67.78178679454797,5.823389106547974,97.94993918309996,mango
101.19099661027194,72.86948119433112,43.000883555716726,36.330419686430695,87.0401371878943,5.639526780559669,177.67682713500727,banana
117.74683769652668,37.553468874760924,44.91745517677156,25.911418027618005,84.27260741566201,5.536886947354533,241.4346500969845,rice
12.786082490212024,26.20865827146341,23.79403069723737,28.121771339497013,77.92467696334094,6.46645953207455,109.96639220767759,orange
115.5439712174861,23.162951178429118,52.58350533656266,32.19341722717862,88.22070563169694,5.595562729362811,61.133858504244714,watermelon
126.06559041909107,52.15792374396992,22.89068359408375,34.317321664357024,61.8539272283451,7.369055143221759,87.89013848516743,cotton
83.84327820953224,57.35375691420977,34.93216587236636,26.515579969224056,80.9339136414426,6.902413033286104,201.59365298365282,jute
21.84098373283001,31.88112585697791,32.13360652020734,27.566391905242938,48.122011972651975,6.999002684246673,61.58485494426172,pomegranate
14.31364634566133,10.33805984249842,191.96039765197295,0.7678670434637933,78.20539504187724,6.392074351093621,153.55219160859636,apple
118.80195451712862,44.77854281978609,39.86254830862525,30.234211106117435,83.60218428167289,5.575863328108664,169.3319582865974,rice
15.461647622330899,62.47900143958078,55.523215290352205,35.63967431970895,50.718127659881354,7.227626542326337,71.55725520785313,pigeonpeas
88.44833034351807,52.52728202814541,47.15364274031197,38.528741617568244,71.91560658951387,6.367918957461551,46.90447046095598,muskmelon
31.70006727445864,35.21813948709443,32.880585113638254,11.230330867310192,40.37777838002484,7.796447037664324,70.6937451852609,lentil
32.013871191112045,69.8987091800535,44.01891453001096,24.63641808496399,50.003710615949416,6.103796741277163,67.04330691225968,pigeonpeas
65.95068597523296,46.059772634451534,44.00212906097478,20.448427615546787,71.65254847906859,6.96614259205935,80.79927251300896,maize
33.668669312814856,82.50667122625333,23.332103324471856,23.340444262103997,46.57984552092758,5.644660634112112,69.57823743653529,pigeonpeas
37.328302590496484,60.872271724975825,47.18216476429156,23.219516951908922,55.08673983110407,6.726214658957381,82.13307734244034,kidneybeans
86.91158607529853,74.30562198355645,51.62975463562695,31.8363352505002,88.54164071646818,6.462291541672586,165.36029525352265,banana
39.47883099378721,62.93778764023046,31.356695986577225,24.373956671494938,47.45647932253539,5.946765893913443,87.26768493209173,pigeonpeas
81.51138026382719,35.73478900279042,50.50041161932663,24.837554854901008,66.92937931584191,7.103827905672253,91.0893508987928,watermelon
4.768417713622934,21.45844203302474,31.582318564866522,37.51246162312662,43.539174508841846,5.590302728824584,66.27399322857474,mango
124.99496398427996,47.152379494312456,44.98491130364813,36.779131786256386,65.30391928693467,6.348039838117585,107.77536986795936,sugarcane
52.89353832323775,80.51969333220268,96.95543491551203,35.07617260716225,71.86864759090788,6.191027460223201,189.08241315106275,papaya
35.14764117547254,77.09724284640856,24.53593309379635,27.807087127628293,53.71899393990694,6.377360484601508,37.39078990330996,pigeonpeas
28.052380922869723,73.40991342801324,20.052794759373185,25.542986737914777,48.35884999269271,5.9836203830590895,39.22963927503778,pigeonpeas
134.3505711739789,52.450675609972194,33.17631803749152,32.93710781520052,69.00913515299358,6.347290834949815,126.88798836089211,sugarcane
66.81345553197774,50.14719586778399,45.6092310271138,32.04013909256331,87.8024525166799,6.35218150031854,232.78602581617284,rice
20.872628055330225,61.57737421951744,30.354813142089245,25.149170836052605,40.03449644219681,3.7929989543783686,60.155660342917884,mothbeans
75.91214206090353,37.319689301372506,59.190316642573364,27.110270420667884,93.3806983276567,6.131138625997263,269.2216955312473,rice
93.36572089535449,72.71616707329758,41.534554454228044,38.061957585071696,75.38249699381788,6.597375352295119,49.83003684306114,muskmelon
25.04218835923205,23.011148666066944,33.37191081528039,25.73963480664737,47.72437649477408,5.7713229343207555,55.602882415146034,mango
16.921236546530857,75.71777757493439,46.79705368645293,28.458018344745913,51.511665241583636,5.297892613851162,47.145733198555945,pigeonpeas
118.89127216651927,56.40470213764455,20.393516979411352,34.845011204960706,68.23256366758167,6.449663250658032,79.12412651116416,cotton
95.66858011117039,49.87067435436678,49.63356560644662,19.6372770306808,75.85433662142782,6.308637536208584,71.40998074628074,maize
110.87221873912938,95.00138124981035,64.56650810464795,25.011199706877797,79.2791699541132,5.975926697364963,195.43459516233008,banana
3.5253772390676597,51.07193748834523,55.42642899164209,27.72726479256008,52.91039597116601,5.830999549327311,82.39624773965306,mango
1.6200274592767805,64.50674118957917,36.1222363531681,32.442592031671154,51.091613430712485,5.899488362149705,111.05061740418192,mothbeans
116.37718014743507,25.70386298956117,44.63750463679113,22.080201324392768,56.94641299021924,6.477724095719034,137.04417504878387,coffee
14.325874656067725,47.71737745171181,24.077729509210478,28.179966212448466,49.78034760693188,5.893794102533946,106.8970033761241,mothbeans
31.902254998099874,40.645864280215285,12.36346213011743,28.59972196663219,64.97796770386384,6.434544100748053,69.27543218870396,mungbean
135.61032212071208,32.382197539290885,33.28741225850906,26.998591105561317,75.74531159471492,7.601939730495643,135.71112569797623,cotton
99.47071827618217,69.97654903082666,21.446361165816683,29.72609021065581,67.20723882168612,7.241506900674518,89.11927420291367,maize
32.78403658779919,110.60571405591482,203.56830141556077,37.70505317506546,58.8040539738028,6.3665956885955035,109.3575254414298,grapes
29.136326524126396,93.0341373735586,32.523326774054084,20.762402746387224,77.28431325103672,6.755355167974982,99.9028867429536,kidneybeans
77.64079290788936,94.85429364928831,105.80099837423361,23.47839571756246,15.326342321033106,6.09565265841766,63.468377770813724,chickpea
9.58439328112821,64.3811082098996,37.73837596998916,24.872639127977244,50.02231652253542,6.544892882217663,68.44089835531673,lentil
8.645432492436829,33.63487691897034,195.6602980907086,19.147256933006584,77.64373208649592,6.47850596693269,101.06701270061627,apple
27.69209561587711,87.69761410072519,45.2074227621829,34.46758905624543,53.56024863961243,6.29772932584932,86.72813586012883,pigeonpeas
16.225810377889502,26.76647575369681,59.323696895515276,37.79975779999879,54.94999084882711,6.70649084536806,53.63566321357974,mango
20.346213510796293,62.452223363410695,36.48435396602112,27.393690300055404,76.80723010770637,6.32155662951827,71.49922235883912,mungbean
37.831968393490115,34.72285256343596,21.124125926345425,34.216403604569486,64.51973531322984,6.8564131342296735,66.42169582273459,mungbean
29.43814242060712,22.049251791756326,173.1695504402323,14.38633300866292,55.13820231998719,6.241637818617621,130.26403406368146,apple
47.10817844787256,91.48491451757768,128.50959248259682,23.177862436354445,45.49503753266516,7.053445814558323,121.47620839956953,chickpea
117.2938490561339,30.93447278380173,27.787293478251478,25.43779325036803,86.9796443150312,5.486793366437061,183.6005754359512,sugarcane
58.01060773986553,59.96904095053135,65.38275436781683,25.63501738777455,85.83838234040425,5.872803615890639,130.4155254485465,papaya
64.62349674805986,32.342037169759166,30.027149560881824,27.418763725337612,76.23042804222747,7.077229929344813,75.86345282208046,maize
6.1063265816313494,38.40693066360643,183.8670923040758,0.5862451905751973,62.3524300277073,5.8329502469623735,166.94120642536433,apple
93.0135925293757,31.736501314192765,38.99454126782067,29.416840106479885,73.04835460438994,7.13837771885358,94.2103231674204,maize
104.20285013750976,62.395621273831416,59.456201421447126,32.573992061341,65.29235731283659,7.2190993564570185,52.50561919646092,muskmelon
75.78289261275695,61.19762347720932,34.84102075165149,32.43594641768671,86.10864658599972,6.760160929790159,173.08498570406604,jute
108.18720436229135,47.73390909775549,25.58407693260044,29.310341087873518,86.37575504049838,5.414151618421711,110.67374277601492,sugarcane
30.77002236966347,33.86891960424869,166.86010175844763,6.300206502397058,53.65667636241077,6.009757066900871,158.52608755098464,apple
42.014519959735836,86.13359697675243,129.5998476090504,29.136867577999443,69.85263364018738,6.249010884993236,140.55180907560037,chickpea
78.61347735757944,40.547296590427244,32.44796160014515,28.36169068475219,70.5570448164215,6.631375326048251,213.9597535202434,jute
36.45991582586194,86.0954786996152,27.159986602252687,30.354667218707448,74.9283846568821,6.106044925492689,117.835062945502,blackgram
14.612350959873577,36.661337399217665,16.12794274999016,34.96725176746933,65.90754007681232,6.2213888466750795,144.4174363505662,mungbean
64.48003750227473,67.72943965939469,103.13479255329608,25.228577496911576,49.86190954859483,6.58266855133292,185.91131404892977,chickpea
0.12486605425638508,12.14040499512446,4.344296093859703,29.56469352482533,90.15691232860853,6.749010590076154,249.84343301817964,coconut
97.41049118626215,47.62074202335859,30.350505197736982,15.711525190024817,60.10605265921072,6.209347571663842,132.94523928918534,coffee
13.87409212199003,77.30010966695238,31.357112273239157,34.641591553335154,69.9880912276049,6.674727785270484,61.00212429914767,mungbean
133.53967335372099,54.15270955486988,44.68951415125302,37.125236605725895,78.60634915284244,5.400564035735252,192.51754117788118,sugarcane
95.77364585402657,40.05137702107206,44.80637034942488,33.01831817134059,80.25389657533259,6.626172425844693,63.84074069170341,muskmelon
27.21609742746896,85.7682192736277,56.72767092918936,26.864044708201117,62.95570608943089,6.494217574858752,94.89084790475565,pigeonpeas
115.60460545239238,94.36185318826625,43.06909487712824,23.702214486625238,82.42757388369999,6.109222662769355,127.49083374822408,banana
34.59780951468084,73.29790872990553,43.65370359194567,32.881506249205266,66.67126353070483,7.0894685911305,72.58163196724917,pigeonpeas
14.36283116172605,1.819461658890984,33.82505200460075,36.57974896503474,92.30941090128556,5.25589988183953,299.58302688245755,coconut
107.15612083438828,94.94238409090451,57.29085151152674,28.6042091639807,86.4636843127857,6.082553837041994,107.10067802225885,banana
36.31911578830413,117.02420232243668,200.4419848357338,19.635667842482754,84.4415000272384,6.129683595259203,91.61609464061578,grapes
101.75845236562188,42.268588332428095,35.19882960212537,24.03368155472412,83.75364347246892,6.04922666470612,257.18938840500937,rice
28.340060038135697,65.37187857580747,57.305198629574384,36.10138238389882,45.69989527606853,5.858610708235025,72.94449402963858,pigeonpeas
77.88466012945514,74.34130733479375,79.84053900641577,19.885000984171413,16.676579317126343,5.6477661394339,115.3730990751987,chickpea
99.05840802905725,51.81727477627622,21.86819317645657,24.150031785243982,79.19210851698519,6.418479755193916,52.59782887771342,maize
17.80074734901421,39.98020758834066,33.40917163384059,36.29534486667386,92.3483953886975,5.206083386861965,145.48965081295992,coconut
96.69072266310722,56.26362149437889,34.298443761079234,34.291344835526466,75.8670684288202,6.525470307355893,254.6749178257755,jute
48.403722798937714,70.59798399478994,24.806992640004253,37.935685782230216,78.75633930465123,5.506422636754156,138.54387643623056,blackgram
19.290416930543678,44.855857906392096,19.174077473484363,36.50244005248254,74.4759046034957,6.86972300783115,129.87491489520008,mungbean
60.408516659124885,56.392486849673354,86.94960315781219,30.953319673373784,76.57310619080367,6.0632479330310804,149.77565636068965,papaya
31.719746055700455,53.1480259076897,29.404169810472908,26.75011648664031,52.85028383304881,6.662788277885275,98.40690955003143,lentil
19.677615304374267,72.90144075653888,28.120250723764386,41.73965441655906,55.40978717002592,6.39785061533772,101.43264789098589,mothbeans
3.7953692059029853,16.660152661044883,17.471325720781614,15.357501808071966,73.40486643708499,6.664371147062946,103.41755890410874,orange
110.7413502427043,38.6238499469175,39.70268190423671,37.590985312098596,80.09093001398438,5.153958934129933,111.33754207811005,sugarcane
28.426017632667293,137.74777015443715,204.38560233831143,16.26811932898368,71.51711903624093,5.692493150635827,60.18787641395566,grapes
83.43243086837755,98.78106093296027,41.54739833028766,34.05606241771693,82.87653597213367,5.868620652498288,106.58421645086547,banana
126.96521182144252,37.79714937728499,23.629805212355265,38.67977349011184,58.71513517014261,6.83397418994746,184.61975923544205,cotton
35.58189895835643,42.35725350151466,10.526963671119008,33.0497030253877,69.15818813929431,6.767164546295871,139.9339409018403,mungbean
90.15472330839651,63.115644507763534,57.13079324981572,35.62630201497942,85.1409622939725,6.0556055216804605,151.0316943329474,jute
92.92402736199517,50.7568559307808,49.55883778507801,24.91550102298728,90.68268832021303,5.7372490874968,198.80995472389014,rice
11.583308186829084,33.08798985690245,153.29460825159865,4.590939760716345,62.22215814834046,6.436949253908695,137.72519857156954,apple
32.96055981758961,74.78346063189466,33.69136027631647,27.5384701574837,71.99372628456119,6.532173459531357,50.9205667390643,mungbean
6.720802087707143,34.19189158625555,41.99949054880706,25.860877655324103,57.499217445526135,7.268686855942575,49.104574777183146,mango
98.01560305623724,85.8669101263962,78.11215392996692,34.71283671074729,75.60019695802687,5.832309910739959,147.05446849512228,banana
29.29443912397499,99.10461470095012,47.119920609703385,21.108696258931058,50.78173657956779,6.348077740148794,65.76455853830137,kidneybeans
32.05408233080994,26.42019285393426,161.50422459287375,9.745971181434504,74.7865212732566,5.727632535819392,152.44363458577493,apple
81.61112650941551,75.45662247322325,56.25292127382317,24.669411750733353,75.34628220827655,5.633381236637743,165.4621495797055,banana
41.83105357714902,97.27689742742348,113.95562453096221,29.910929750746654,44.55460226250879,7.23325505138429,67.8693381012711,chickpea
30.175716359613666,60.9074736872979,57.24089116283976,32.35219904173606,41.02586349763566,7.047082248035295,44.01863083025973,pigeonpeas
83.64264728328723,78.95679043644768,47.74801171142808,25.334138864141206,84.919559434303,6.411256151834288,140.37566104783465,banana
88.90084176709786,99.9869282096837,46.86090775148748,34.34474331699804,78.35118817394438,5.580846801643254,187.49333243506487,banana
100.87449181328715,42.96704782377249,47.68065003871796,37.59997334865915,81.74738239873318,7.342142980518743,27.053434947256193,muskmelon
139.52143864622366,43.62004863588345,32.20685589450593,26.248847481253772,64.56769098978194,5.860580783712824,130.763716507463,cotton
87.09752284913178,57.13831615395182,51.94489392129417,35.71812972885914,72.92872513205633,6.832929715574228,231.04447976854607,jute
23.18145476599924,15.73321162574046,17.339156636339904,12.097449015722733,52.09105489088823,6.3801856945095246,107.42468593305458,orange
28.822976500936036,92.36074169066791,40.213412839085734,25.540485492258476,72.3725398995283,5.880203711864341,112.54196237655393,kidneybeans
99.3292830350174,49.606878361648924,42.637080836172096,18.23186349997298,68.45987448217394,6.496067819739292,228.62959116278856,coffee
114.26287954733343,25.84217909741867,47.96627590388268,30.79670690130259,71.56657504475008,7.330832402933407,85.71606254458582,watermelon
100.38035492896807,31.829987191177427,54.376953073232684,25.30358236340707,65.80017700836157,7.401489426425344,64.52197373625603,watermelon
124.82641919298337,36.039363234673,24.878443581607964,24.63135252625439,64.2663811246048,6.994654084706859,91.88496305444934,cotton
74.54823021808377,38.07729692848143,41.31852489313868,22.26092557111044,84.83118748374767,5.7114480069965445,199.12460282668718,rice
36.52453061588934,66.71231870785657,29.397651401077777,31.761169188875847,68.01398562486506,6.282133063522486,127.89885058996087,blackgram
35.170905647316374,71.16812547060431,23.814965274116055,36.79833907901761,52.05265842571269,4.053605152209933,77.32035060502325,mothbeans
3.560644989355848,50.86954065937927,35.358751032360225,39.499714089033645,55.57785290205143,5.393197334503089,101.39665125226456,mothbeans
24.776903208072138,142.71765272901928,201.52549843409764,13.741215838479201,68.8201837496498,5.807087743360249,53.515925027119415,grapes
118.10932665566303,61.94856766618298,28.78466110102894,29.759643952306206,73.05644768908967,6.6648453164144925,87.4036589714766,maize
34.085224270847135,62.518652535348885,23.140518708849676,35.38713482758067,60.72509790883055,6.976027225294541,95.49066028823972,blackgram
27.668804565387553,46.453707157788976,31.152026319790338,30.523751610926997,69.37095522375003,6.341473125137234,70.1167243079105,mango
22.877359326866596,104.70971981559165,202.1147177187078,35.04966479275794,59.24150662649021,5.6303204331723355,114.34289495173307,grapes
18.594837206173747,48.06321237759478,67.7934181208295,36.71060742101916,58.06305490382049,6.182440476089517,64.93249740298947,pomegranate
75.90737657732218,78.95201653428597,46.32595987511107,28.578109353481107,84.18877729267949,6.271492002542711,285.6364937111348,jute
35.4838098342865,69.601536750566,49.16413134379505,18.778623980511323,61.85877493852015,6.974743434867113,74.68870387704814,kidneybeans
25.50401784071872,40.67239406630212,26.092886376950734,35.8597106043256,72.3158510420277,6.8337884195450025,104.10302890628114,mungbean
34.33866561838119,40.82215417058357,34.08789524122829,30.195300272421164,63.778277128673906,6.958986440443483,59.08989014745478,mungbean
63.125626950484815,62.10347440857508,87.87196608198896,24.575314573282164,62.25500395608719,7.709061813517226,130.05872941691143,chickpea
65.05204379095463,63.35822812283607,131.94955293765182,19.03312274012272,28.40732211955001,6.283309228194738,140.80831305763405,chickpea
2.062194930650052,78.3497318763375,25.543212276883896,39.84728047404012,47.77590237922805,3.857300172828067,58.04432002093343,mothbeans
136.60360273628174,45.9908660173842,18.9488705708837,35.13438589070084,73.79784051314763,6.496875689548559,180.0050959798254,cotton
21.88510570275602,10.815700268710362,16.30016550379548,24.388737695777582,88.02375863724498,7.2886955396268505,122.83556141788476,orange
71.47186836258304,96.93904151273534,111.95102723114607,17.806626343758797,58.02067198255489,7.798367009301062,141.23238018839385,chickpea
23.143413943717988,11.50187291610628,28.867145974197634,19.12709183211002,86.50336871699292,7.170782704135533,175.5437272515581,orange
37.5864331853012,66.1828860589907,54.45899249370777,19.940809829798944,61.04400769943415,5.558698381725789,79.61272738591917,kidneybeans
96.43731619851033,65.16876772033169,67.97251684621216,35.666827255229286,61.558982943935405,7.2896217085276005,47.49519888590288,muskmelon
136.723062087966,38.401119886514685,36.45854191997802,28.675491687390362,77.32310484931746,7.458716187912925,172.68694875780142,cotton
20.17085649231729,58.57056965221172,23.421394679142022,33.56868886410109,61.01151132158021,6.693300216238959,79.5992625143967,mungbean
110.40946391940918,34.78476787624075,24.813878428136793,25.916395293360882,69.64116762253107,6.328438769977937,232.2535917765262,sugarcane
101.65497683629752,22.580964710988297,21.71080742010858,16.371284556993462,69.63969209681531,6.27217244381716,135.06111880551163,coffee
98.31155685984513,55.90377591851177,50.9686080939468,24.759664719397424,52.28002018945129,7.341148805518701,72.99546058910862,wheat
47.293407343128784,97.11504689506035,87.75341020658126,28.120368440998732,78.44276936810562,6.714511387132109,169.5677663215339,papaya
30.430372335478,10.633522837794969,177.8905062867717,9.107073134243155,65.19649999725641,6.062830237214603,131.3367694457278,apple
65.83058962624611,48.45021680097509,59.7016155031279,23.821092198074812,87.77494478545606,6.3773730719279556,261.1152926631307,rice
87.19733008488166,60.9756107731032,57.63050987752912,16.01144591312989,56.78920993924653,6.232860368896069,68.1928130495271,wheat
33.014487686676006,139.006966855982,204.46986528731253,39.27294744050083,57.84547579759468,6.044126001963101,124.05095212183186,grapes
128.3088540107011,31.86609678494108,18.68257610697426,24.125465452350667,68.9276537068749,6.784881535902921,78.79847912631857,cotton
17.649186763668673,12.600031557955539,191.26542012114913,3.022575385140014,77.0929252114793,6.364230602261557,146.4582764439246,apple
23.99641840682728,92.44064441050624,26.28729886433494,18.15693325713005,60.98040175520453,6.8205222937779855,67.90720011804662,kidneybeans
114.79443315338827,45.34027196582814,45.04548884061599,32.37783732656808,89.74945896166648,6.2019668772577035,269.36890041541517,rice
115.64131476509594,37.02610112779003,26.58661769689406,37.478216435274916,80.4075121481431,6.113756886344191,162.36626552849827,sugarcane
61.720500400573826,75.34007524463628,70.09980098012728,25.97658037630481,56.34443728131659,7.318041590779572,108.30289332546533,chickpea
7.088375192849581,64.92142406104547,32.28192591289958,21.869183438296687,52.205923226178996,6.5239511285570355,98.56155341789766,lentil
115.78304302390586,42.65484535616494,25.275526881638644,38.52177604090488,71.4209793340057,7.137391470999548,103.3121805007895,cotton
20.408637363136165,31.164130706417538,65.0481344889994,29.099862576298516,48.383272667076824,5.846449522324047,101.19763136790353,pomegranate
76.60966783410309,63.69401314373449,76.49453382466764,13.159932835084998,58.688997506904485,6.947340330138781,123.3113022415281,wheat
28.72974698615414,70.02184235724513,33.37784747513299,20.123221753847645,78.77971713524641,6.697919523885177,87.512926288764,kidneybeans
29.751307265578497,75.24700003860721,48.755119215765404,28.258141679788228,50.15637555430775,6.900424778845551,90.6909081649935,kidneybeans
119.70058480647884,27.220115442714594,46.22922002411242,25.798095885613286,60.61643494104416,6.199666290099612,161.45093039387785,coffee
135.1591560112907,47.15317056144967,27.936158793876032,30.886838565135843,59.50839763373358,6.756111113889165,168.34315180222188,cotton
30.356177326431276,59.12758481923001,26.588222445677562,36.171682921786676,62.03144287289322,6.547028025325636,103.82527463447656,mungbean
70.6457261681824,51.80107675587753,49.54009218573525,29.248656797965428,56.29521207391035,5.829629631458874,56.58643867272809,maize
107.75031681396301,75.78516279624128,54.898757556484334,29.291773024135757,77.6556216158986,6.134000767415988,136.41528191046055,banana
11.036902122724124,54.028093097229096,24.3351542264397,34.95373872217836,46.96191095015748,5.472179118483989,51.564731794206594,mothbeans
82.24762770520047,71.18066805696253,30.486011920184016,35.63894552213396,70.80277718170733,6.889913376362863,298.79441208579647,jute
69.43741567749782,56.91377638389043,98.30890124172683,37.31547920644647,75.11208652989559,5.779247553619105,112.56611455795827,papaya
67.9286181397789,81.18860953254264,59.45086413732486,32.041522932310656,88.008072911964,6.2941536108119145,139.54890761835702,papaya
9.734099761343948,41.60466313154062,39.708747687393206,30.787661824241297,46.23943084864842,6.217865629248148,108.50998985449861,mothbeans
22.127881451954593,49.68380919445107,19.082661118538596,30.98862868123915,65.03518773090896,6.574852272796805,129.9947048584882,mungbean
83.58803676059384,48.461748915244385,72.29046597305002,31.354124069703364,66.70807644971013,7.366910210499705,60.67579574361831,watermelon
32.12468453379758,36.4067520125262,25.363115663913977,28.627783603339175,63.223273757923224,6.626280906254535,63.101455443361445,mungbean
89.99606886547559,42.62403059780118,67.62461249546546,33.58611588951648,72.13558573374705,6.545417173785095,33.0088565557465,muskmelon
38.6206098522599,79.62432023159624,19.466806098439484,25.72137937392379,60.05055099663818,5.6517265868776425,129.22507001640182,blackgram
73.14668574134376,91.14440341467511,59.44350933814272,35.517116970753655,77.26607423266327,5.946239004989002,129.63480768805806,papaya
68.62542202231049,90.00272039756857,67.30536203911976,27.58913669353412,70.0658038894897,6.176355479639723,135.24327315388416,papaya
37.587861136143914,143.4524424121398,201.70785193515783,19.50923390046608,55.21275438323113,6.180250688330374,132.54398957486288,grapes
43.56826235267855,60.55790187159635,75.10658204597662,25.30017585443162,76.32137446906397,6.276101934737449,101.49611982563007,papaya
43.023835006464054,97.45785691247029,90.26144360130586,25.339261226264473,33.596100640487265,7.82583494375818,74.21054016249496,chickpea
1.9709461433108588,44.097555425674926,177.42004683709558,4.735535293825438,59.517656493491,5.781929551751561,153.0859034288476,apple
65.96997878965895,50.726974709796536,40.832241790231116,30.309922558310273,83.59394433666691,6.056680432165836,155.20090563390997,jute
33.65759039824979,34.70778344754363,182.22115848149082,0.6800988092012314,74.85590778744526,6.2882752081708295,125.90351441033471,apple
13.817855432220538,70.45085718501441,39.08462714952843,31.31437716099445,56.588004403978715,4.072376796427516,130.71797702024912,mothbeans
28.38770972411244,94.31203749130363,22.326044822656044,29.477281097389344,56.18279543728709,7.151755081355375,36.83269987607952,pigeonpeas
19.760466823972223,14.738468203779274,150.68199229179405,7.277269121246189,70.93971414493377,6.290259903941694,129.57528346203293,apple
4.850595734365468,14.550478352181976,170.54803040179516,15.548088926597437,71.36215976743792,5.678450674098375,107.95881473720425,apple
59.61641444547221,94.90266073431854,108.28543967137476,22.2117212692367,65.85305447319419,7.255286070904315,75.61698702856003,chickpea
106.47606305887714,57.36195473912723,72.7771141468146,38.58373206359698,63.59279899296592,6.797899466329187,37.07071758454665,muskmelon
61.093309539092985,32.83328882267785,50.490203202490704,22.925452429982975,84.78463445440642,6.344875310969455,153.4907903603739,rice
13.92207821909282,55.8222296349554,58.99866662688322,31.65158654254066,49.62991136922693,6.552188026503084,81.2661523819441,mango
40.86507969847175,74.17965240521644,75.05236888972091,29.824937070921205,73.30404443812559,6.064581306601713,167.2262939932566,papaya
13.083986616003171,53.162512676036386,31.96387757035787,28.120569438038448,45.69777277806122,4.749895550358234,85.36378631401104,mothbeans
5.596759089079764,20.525660060531084,9.696752555488434,24.94930158381106,80.97251328179287,6.525305117512282,185.488384171312,coconut
65.18715912896941,50.25852244067064,40.65959245421663,33.761924705894494,71.25129684438903,6.210506939665343,271.35354604375146,jute
38.873812053019385,40.504609764128,38.72630562694748,32.041102629838875,65.73573350552468,6.109806248770127,51.56058378920202,mango
20.597179815699313,13.307408510263718,29.554256256509998,12.698113874124846,87.27776558617488,7.3703670171040425,152.5360481819498,orange
28.770740237944594,45.06107656196303,20.97683246641488,39.9250065879933,41.59662133125747,3.9450175421591394,52.21332755581181,mothbeans
19.115092226122307,47.19531032499392,10.33084252806701,26.678028072553083,58.099236351668296,6.406307874379936,94.37223935950057,lentil
81.91870234317904,95.28192744030795,57.775752756630794,31.42309837611758,77.0878170413698,5.503387847982639,124.5290093643643,banana
111.57162618708419,41.2485424135499,78.67462201173575,32.89892413884684,69.09843078196336,6.543874818892015,23.98432120762984,muskmelon
138.20460829166805,45.67729798010235,22.489141948846846,25.229793204418616,65.01872804211254,7.547934197879647,158.99210681733774,cotton
96.6513971417742,27.954054626080122,63.9604417685427,25.1477654999588,66.80275852201548,7.362980773837852,94.50460643611417,watermelon
23.936153905732574,67.40551205799677,16.64991529262165,27.859019124511864,78.94454054693422,7.154153727119178,149.04657320615763,mungbean
54.50905351424629,82.67803627725965,27.590562953068357,37.278342437988165,65.45843455065474,5.754491621885078,98.399075033254,blackgram
133.6579021233904,44.138615021944936,39.477623450378864,34.14627421273179,53.78794224693508,7.287590636565955,105.51456216043786,cotton
27.53101193563383,69.56707179429505,43.60373597952031,27.97914774942631,53.401646679696206,5.906841619931209,31.185054669787455,pigeonpeas
3.9031667830507777,41.60979082477003,35.06472828617522,32.23103966358762,59.91098529479139,3.791762647566597,135.56276815352336,mothbeans
59.64179287089509,63.65666196458071,81.18498934794994,20.745575256273927,23.554705032526805,7.816480481700298,192.55056874152228,chickpea
69.33331290597306,65.01320679817816,52.41234801387087,27.84328055578501,71.19886601722617,6.130973742994174,240.89954509065382,jute
63.34099658720075,48.4450377023215,52.57405012759483,25.6668200367558,79.85070761428578,6.4421070346797205,200.1601768483123,jute
18.31601180508286,35.7791756335543,56.01180547136842,28.659929535287084,69.00202682605324,7.416276239608992,54.85789858428632,mango
31.781203070505825,81.98737023412946,23.124172160836515,29.147445786906587,52.9814833685258,6.782251226856005,60.018583914900354,kidneybeans
40.20326809508606,58.935306046630444,23.774041775085717,33.64765334525387,74.25436005917099,6.822981386149195,87.1174120689113,blackgram
85.2814201366242,69.50329206355566,49.55108583073209,11.65711169697092,50.638664729223294,6.430858487481123,79.63081204559901,wheat
36.21881166672108,80.46078229851494,48.26750833842174,23.469536187428822,60.65190114780725,5.680961448158223,88.24434677279055,pigeonpeas
25.0084613543006,39.455286865155685,21.343589204416347,23.80969210402752,92.42410347223982,5.503706724691418,255.46042962878366,coconut
20.39485189530475,68.71992685086278,17.87368908954671,29.271698119364714,62.15811434445952,7.135076615980469,79.10033634002815,mungbean
109.42082823174324,66.55166495765776,44.535483822102904,35.80924435995573,75.00915469063544,7.341149304159239,75.19225604783256,muskmelon
107.44364615773947,47.95161990767673,50.72188749514551,36.98345502642691,61.660794508152286,6.5762420200796265,44.23300382259367,watermelon
4.150988345389628,26.25856810787874,10.777473940333786,26.47356984836857,60.90230995261602,7.307318521062189,148.49922845774995,orange
112.05061043040001,47.95072452893277,22.43094519271543,28.798705784111753,72.2957959619481,5.905914239152377,186.4052993268782,cotton
57.51136770463428,69.73024758306202,17.69766670253312,28.706293491978922,69.10103409616278,5.935975494048052,73.35790831218662,blackgram
17.268119146256762,68.77398457679301,14.209705593034784,20.572602030234748,46.02922098373719,7.5801482539265495,84.85920921326826,lentil
97.77919911911164,50.2516950147687,47.61653984099641,35.04930236288827,60.0120463207602,7.208836753795281,24.754976367795727,muskmelon
17.524123975026892,42.64168915825806,28.865817560335067,34.908224371287815,77.5297122617473,7.052139563854476,146.4882994163853,mungbean
106.78445026150071,78.82672111175482,47.028609833473034,33.95674930023255,72.72555167237928,6.670033082616998,35.248836807668866,muskmelon
37.233314567032295,10.213959547768914,187.411940309045,21.67321567446037,54.19161700936862,5.596125851732151,142.45726071859556,apple
111.18126727295731,50.10344026738897,73.18575221411714,35.55905000551773,88.37020611152414,6.613390853635008,59.71819036703805,muskmelon
69.16150495280753,69.69663650179456,111.6148856024831,28.25785895399939,65.08727569550676,7.805204590867572,168.2565612911984,chickpea
102.86847555390604,42.28886684685696,22.78043737658484,34.83393023576015,68.17337748358071,6.602106202034588,90.50495759569861,cotton
23.06825764778176,116.49480343206518,201.86676580515916,13.14795509382689,78.95360515153571,6.2072283283354235,69.03817862970348,grapes
102.93967055563907,48.609752820038146,74.46499800335914,39.13278181734458,75.55478924826721,6.5284633263137675,34.04346650104995,muskmelon
138.425079020528,35.90777113360285,38.78574525904581,39.91710870345521,71.35168417238145,7.958516209942008,139.7355691393945,cotton
93.97785624902943,41.79987284941697,52.024537771249385,29.437142397350677,79.57056739839045,6.928859549845566,199.79572571037681,jute
29.756207492086077,56.76832124214901,42.7131035979277,30.131989001678424,68.84652196412699,6.389704865655082,69.342904026957,mango
21.822973869817808,47.19392593636797,26.94794723500678,40.83309224250981,42.92181399546172,5.397202685405589,109.29542729274033,mothbeans
28.195876358191843,48.19664130063999,37.89428209511226,40.78630760280933,59.51786675791797,6.31724391466106,77.18883219185247,mothbeans
111.6083816009661,58.91257212833935,22.03005085700005,26.494021166757225,71.30614652027938,5.663450691493557,72.91503207643282,maize
52.899242315403896,87.27335191035277,18.687406989498246,34.47468834120569,74.95553276544202,6.09618088850054,71.04204837415182,blackgram
9.367777024672517,20.85071015296263,6.8839941059944865,26.886907082928516,84.82193716921707,5.319259866505528,141.03656667903215,coconut
24.26048901292876,22.0851903197385,26.543162968552465,20.625060353079938,61.01786719162036,6.397552377210821,153.61922792822043,orange
48.77181130019323,85.3116249265891,89.13257814114382,31.829776150928925,87.45185846196622,6.081928252982338,115.99132450241275,papaya
86.08964031622477,49.856081329564276,72.76409270696799,21.991238184534687,60.8408941256328,6.408217705844944,109.0230666869087,wheat
19.961446916163254,28.63070098310524,21.66665819977035,23.45960467241083,68.17930931821427,6.31393164229518,100.37196608180592,orange
70.90949803242603,35.50213529560301,39.12726728878613,28.82183361121909,86.47917527963173,5.791229140198042,241.77793420835692,rice
28.504056291935726,23.760610379039626,16.38633760042748,16.305060053983272,88.23675199848176,7.384949262404894,145.73166098928203,orange
63.24918539226691,79.70327181951053,34.68604523791798,37.849472921525255,89.54559865132894,6.793818103908039,248.91344431229965,jute
31.97063863839872,15.335544683730383,34.42165457666941,40.130223685735956,62.53445103467748,6.384669401167118,93.84307529971497,pomegranate
117.19724309560593,50.18899867183298,21.884529356385464,28.901015980451405,73.6695547976238,6.78212293608348,171.77324767256937,cotton
134.15847867821688,43.17449449901245,36.17422135517651,38.28944328312664,51.87372780857214,7.743622478569334,122.7646677517191,cotton
102.65866423918537,65.97538187084912,58.76664194269594,35.29803546748393,75.23223688706273,5.772917160324371,100.24545864438443,banana
116.98634438328986,30.68527568042552,44.682576519274505,32.450843542768276,63.8061848418928,6.68498695835281,68.94958363165978,watermelon
75.1344612104017,60.201677149851136,33.8161849182242,28.10398263468074,76.8547203148484,7.052894892999449,82.80809188405357,maize
100.17453078601237,35.008592662415964,32.826151265857966,34.6621666172513,78.98142515386031,7.474283138551723,193.10817908238732,cotton
89.89405487270972,89.26583615679553,57.57792893171681,26.765557573760347,81.8387390553317,5.571206717541233,179.86873709303626,banana
56.30543994754369,76.37572599442724,20.013229400561396,27.70254860336496,76.00649718812979,6.43677702304652,96.80654604262313,blackgram
110.84385015056263,47.930048481081094,45.98286900835075,37.30753847600414,67.64764511009395,5.30965722519544,241.71043881746195,sugarcane
71.28148407692497,44.21538274742957,43.513753534561914,24.6507181695842,55.15688840628738,7.021981520056188,51.76556774701196,maize
35.00748853834916,53.8866735869717,31.23796206002853,32.36747441795399,49.178330485974705,6.4087161555096746,79.61544682638579,mothbeans
31.98314576408012,23.224790419294152,30.92360566468448,27.32276778448518,92.47124932895467,5.549144631102044,209.21976160065816,coconut
97.17527729386978,56.00804369592613,24.560745593859444,18.736195525328018,78.4228475820532,6.41960084753864,52.90818977527379,maize
20.837283821230315,73.10088580650084,22.730144193888272,36.90398755067129,69.95876106791212,6.598836614839756,125.03889270907015,mungbean
82.81842710667833,51.12574561795643,52.9802659667579,39.1768367311733,68.48002081623477,6.691303102904478,60.278265413856786,muskmelon
62.95781288802678,79.67175920250628,121.32948071073561,23.499841164030936,29.937940796921875,5.934740922042086,144.85741444361688,chickpea
28.141133607261217,35.79424173718907,168.69693568018874,22.82259244478002,50.66608438963551,5.803723851631826,192.10694862995814,apple
92.82252897443698,13.74080494391638,57.08449785677337,26.060070997888886,88.42870975562002,6.450341732045256,59.03555046141206,watermelon
31.270857958583463,83.69722245365116,23.060022372646166,30.773874628861556,72.68879882336705,6.741519110805311,92.76929091162046,blackgram
31.214863920308343,70.32175576146862,22.918394556518194,25.96143452779949,58.972406349662336,6.178561265534951,67.65999809893832,kidneybeans
118.77287249136715,31.3351764118156,21.861102908863444,19.410968475024376,67.64829135798897,6.080961503316107,198.7153327084738,coffee
102.1853768000389,59.19234488916999,26.78375993749016,28.95458335527165,72.59856280637568,5.4608333242347,100.22107331294671,sugarcane
112.59904570969204,69.85337350508989,31.049285915205452,23.38332757145451,76.66212814608211,7.272391560930149,79.6522167093392,maize
35.051865619659395,52.77536467334741,31.727282826459053,26.31398938355792,45.15740007096017,3.782667136242522,81.51872901539639,mothbeans
32.005503310083036,29.666356832767406,32.04111942275009,29.75356206580937,48.00383648301492,6.511851600292788,86.66367460406758,mango
22.052695626512566,24.38172578080014,156.29011681730256,14.143959478745472,65.75422555308889,5.7029935591911975,145.18690446522777,apple
92.11860788715549,38.6080748806895,20.363623239316798,20.8944174911945,84.2762126473016,7.103074223765979,97.97883221605167,maize
127.74472229895181,53.1336844755566,39.63952060597863,26.970735972401293,86.89707708792642,6.078189105472017,142.37086395550057,sugarcane
21.09479271819874,91.0419583547752,44.54825927398307,16.0426169477279,65.25733765606145,5.623687116975931,104.15683210339334,kidneybeans
40.77693421865169,64.6362218919886,17.615350614763074,35.29046081609036,79.10828329492193,6.1204671322680975,145.24206947534563,blackgram
118.18550053440222,65.14309043187514,67.89845068906908,30.099696577454083,75.38448374826633,6.424747475864361,185.18368088189334,banana
127.4530878674439,32.089234444872176,19.372035929398983,37.69179614249258,56.81538671070545,7.641490475534468,99.09865238361746,cotton
39.28160350363928,12.521346099990463,66.12004340605985,37.53763889728034,49.42724561498515,6.960289827755878,60.15564237199905,pomegranate
23.47954799043607,115.18646705708373,200.09040546102844,21.611215525965783,71.49630763468632,6.119582592827086,116.34903451287101,grapes
105.33075669349955,43.97984904722553,64.16695752690367,26.814409933577384,62.36093025586197,6.79096634346359,44.1671320427897,muskmelon
101.00773655836917,55.16991983154033,20.34253950362221,34.148097135177665,89.25642774315142,5.875322656296407,135.24601074939292,sugarcane
40.6917590306833,72.81447881969225,83.70486648022833,27.195768107149622,61.464311686980025,6.194823174014095,105.59026877298498,chickpea
74.95753374893249,42.31148769106889,52.66653415629146,24.97437615139109,81.1546986474319,5.789751452913768,174.18319308810067,rice
26.234146790628763,79.72782079151716,31.943550251531704,22.86137169240735,41.42049931980518,5.489946806229169,70.73605490540481,pigeonpeas
21.146264159571025,33.377701084724166,45.579380779269094,27.963338585177173,64.1552319208113,5.871553909397416,45.097977393367984,mango
39.40425869802304,83.2538719999214,27.59444081353488,29.684915580235405,68.53804174645674,6.972876676752121,128.39165096792027,blackgram
17.392155182647656,74.18271284464603,30.044491472760242,36.479301116900544,65.57531908867615,6.449581853167159,66.42424358101019,pigeonpeas
87.18604871821367,33.122884080496505,78.31917412995563,32.04916160434574,62.48743744183444,6.740002666954817,60.41337966707542,watermelon
115.42047618947689,40.211613127635175,28.53519018368963,26.466320690855795,66.61134456074033,6.9917505873020085,166.6662537646818,cotton
4.769143112714347,25.963669621541925,22.686523516535686,30.85487297861964,80.4778514379239,5.938605992720014,284.92456356850573,coconut
12.887517497131768,44.286571428289065,36.08377349613663,25.93953615931808,77.51771442733903,6.7242859833747515,90.82667739264258,mungbean
31.07785553570085,27.449256301673483,14.312795254516983,12.09510397737652,69.31577746394395,6.771121043428909,182.91817799499177,orange
90.91085678660316,49.47733299626594,50.32179389666618,32.35516021293295,88.58289434423375,6.387322517975314,159.92477832516607,jute
31.164167493545865,58.991572047817414,11.785785906154674,20.4671495732333,43.905680476024074,7.934638344461183,86.79852518904593,lentil
130.64463731182346,55.377643190331966,30.34010285593646,25.417675423514865,64.62883429001633,5.970828536277531,117.05602434454032,cotton
13.160229186489314,17.829085415889423,15.24225944033593,18.576100144825254,66.42801602346172,7.080624103638515,151.15361942347917,orange
88.83041683546973,44.197207136726995,49.6818006345011,24.799938899007195,44.2748662870454,6.748332230177034,111.81557343181191,wheat
115.84944996584532,42.26831230980246,40.14625245378597,29.120953026937322,72.65322725808377,5.959432567366464,51.97429695375632,watermelon
7.83356967576935,49.41013018372907,33.54322963488368,18.738926040985707,50.0642983168261,6.164705980673516,68.52068662281907,lentil
64.0410360881263,63.28681840705093,53.83532227811827,19.313732766512157,41.37226101437538,7.307305209228565,147.3488969177397,wheat
37.79000320840847,29.568649947523625,167.09672467873634,22.18124243622384,50.731729793302904,6.081424894869087,154.89325244993375,apple
103.55241080624893,43.56888672228954,57.239322513890336,27.62180072567737,89.6130025777235,6.841725318652761,61.24621165645204,muskmelon
104.50737378698429,63.415016911638254,61.90464402614988,34.60724939713318,67.78347513204228,6.1269731303769435,27.156300322384606,muskmelon
22.88480042236207,134.15395743343137,202.50309766166964,39.00069382098023,59.39843671479527,6.145927893023039,73.2879146151815,grapes
108.88950682479074,43.204593855387,75.7926662424211,18.213885642306046,64.51893309887481,6.67847742677745,114.35776951965249,wheat
105.75826317790454,31.42855535070425,21.63696224848097,22.792994815563315,77.56008190276687,6.1916076829736255,132.44991664462407,coffee
33.460807777903156,72.58031872522126,32.90165383933572,31.22226158906189,46.08140569560514,3.5256643103545104,133.36075586882401,mothbeans
84.11585481655453,59.195024812156355,65.1002185287348,23.10515671279508,69.52250407597886,7.152410120796777,91.77667821673337,wheat
83.77452113415953,70.32953902816365,67.8408247221517,12.308438595097826,64.47499374971854,6.336660857754991,72.3817614822623,wheat
25.185649369298293,41.805628900460896,61.26983435261098,26.528152997269128,57.22811140771262,6.74958541189632,88.16797133827387,pomegranate
104.74402696387392,38.0992224066095,48.74220440358141,22.415289015625014,64.80794849014237,5.79777610066489,65.28021077451075,maize
97.31085937367276,37.87039472484589,22.41846215508805,27.214391657327155,73.87834043612989,6.293311959141831,224.26580064084862,coffee
101.55752066750662,55.11358883491957,38.585786001089105,32.324139559264324,80.6153512028633,6.728866493736728,188.04047598383607,sugarcane
31.720263764846617,39.29816120290659,37.28576678086989,35.76231493358026,63.272836826558475,7.071170331960973,77.22475363704713,mungbean
115.99933107514616,87.52697746889054,79.43897270742079,34.27220047969231,89.12961648215385,5.716188573870475,177.14848748169257,banana
108.10518305751663,48.23920235304289,61.253598129464365,30.39551281559084,88.61110879475123,6.784220470051042,57.889021376593334,watermelon
43.331470869031946,92.47111347274449,24.23765841631854,28.800283705954236,68.41520415552921,6.560041570513772,147.32607433638992,blackgram
119.86781691271787,38.5282227878255,18.345709074992328,34.07292315026778,51.629961044687114,7.44701951507764,104.46215133655633,cotton
25.71333563262952,17.639600909258917,29.136293411817554,18.24937238225691,88.487436379672,7.352228776651124,127.03832353106563,orange
73.68478631693594,38.48179359632907,38.32942966552975,22.93234163768046,80.19583908600161,7.300046246796022,67.6710689651359,maize
60.0012287538153,68.48548183522419,40.69788527958617,28.308257311037384,70.2579493957905,6.5402994067615,277.6726103138973,jute
106.79524024202941,35.849255997008676,46.712285516579854,34.74971137987692,87.70571221750808,6.517430642327842,189.57329589854527,sugarcane
32.401648050521864,35.49298785263667,22.740504750908812,25.231206836412284,60.671183632945024,6.682953363216666,79.81972981509294,mungbean
5.935415128699106,35.441614205275435,67.97981726956647,41.92161048706515,51.25723397490744,6.398518955671919,99.9387357466857,pomegranate
116.0754879956292,34.61073128532614,37.17821698646067,28.601162816237725,88.03268780532439,6.166381608554195,188.92602707621654,sugarcane
36.59879186424887,118.70325019131198,201.29150214563796,37.47839463496041,75.07804875252505,5.948085487283077,98.79001952793018,grapes
114.38581381410427,25.064300173536925,45.61828646425559,15.171974567768821,67.79451141423702,6.384721289710779,240.2193276239175,coffee
14.217467228981256,10.060521587056034,27.786869183878302,34.311766197049394,83.67184278544137,5.098894873358694,269.750540113047,coconut
70.52227671740698,76.5764778369984,56.75082099568293,15.747077923742463,55.567531158485124,6.070448950162582,66.62833687560794,wheat
91.86449928628372,22.31562590679404,25.09661219657172,16.650277378814646,58.08209448247367,6.259280844332867,136.87711637401003,coffee
104.84100001940772,42.56843370562426,33.779451195210456,25.136122632532086,52.405400422457106,6.580496842039166,191.8415996266495,cotton
61.253231706927025,90.27904132206169,89.56763618261672,33.720498358068625,89.51963708413692,5.7876601874405065,105.00645270932944,papaya
14.295925116407263,57.89743707172403,15.54836011635196,25.506138194761824,60.71979657737336,7.031569498364862,109.14499314430248,mungbean
99.5441970351194,64.12888542631855,53.02324530076046,39.75395949608161,80.02053489151189,6.065770278744945,39.59731434488053,muskmelon
29.190905493446294,16.586810500292202,52.63271971437872,25.503751544525265,45.346992967347504,6.788773299116663,68.24659365550606,pomegranate
19.00401362766882,55.91820864740077,45.75148020736154,35.609183678585005,47.5651863248659,6.393452937405281,47.406991948621304,mango
43.04338907062029,75.0559850412674,84.34762206927192,36.87859807633355,84.57546618610341,6.863376616182181,194.19914468838715,papaya
36.05096606789159,82.6212750769623,56.063425048394514,22.432073445980002,78.24277015453639,6.837802306571989,94.58759138755403,kidneybeans
30.28542990885102,83.88602817932589,38.301816294936486,20.111452340233306,64.03442888542915,5.967123630821738,86.28734082485178,kidneybeans
105.71367859257327,50.76220941073107,26.18756341508458,30.094171851444337,87.39186944046946,5.408632766797941,176.17075959381685,sugarcane
6.187393927394447,19.03094045634849,18.160401825701623,27.186620101243204,59.99469861031717,6.9603763724284144,187.7489241731488,orange
61.03571874315999,69.28514408412424,73.33286648992417,23.588481808465332,33.471987372345765,6.018465224021397,105.35097925092472,chickpea
59.076217021291,77.2621715981243,114.86241653860449,29.17063576238118,21.182259120287185,6.639274929808753,86.9375453041995,chickpea
18.870252375634973,19.916389452970783,24.644758281845753,12.194322853086014,76.7272264783162,7.343718152097868,105.77881970198642,orange
31.752929725637255,78.01350377984865,16.270142328640347,36.74869501791624,78.14234838360265,6.547349484719695,142.618892143945,blackgram
52.42403885581318,73.04847961062698,83.70006855349268,33.12259423183732,91.08569489272622,6.6426140597042735,105.8297203862357,papaya
10.778830550617629,34.49927781748104,18.596421956614513,37.63937742264224,71.1703230632165,6.573261732029269,138.87160946127463,mungbean
42.065671888910266,99.84968394468083,121.55900420788912,16.311752347541304,16.113715888455065,7.254361940350245,121.48690319557338,chickpea
31.110147046540913,91.65366096078546,42.95310294335429,18.979595551806284,70.02644817003012,6.042232644947871,92.69239705714412,kidneybeans
15.721517590142359,58.410417039374536,34.42632695148604,34.987221109402114,76.05984035734306,7.07932342486972,143.76821021594702,mungbean
29.057667208310235,142.5571798798461,203.38410021815022,18.253953575700752,60.649075747513194,5.8037350462251,59.3017409262675,grapes
83.49154189066977,46.50487363394495,40.868544394904205,18.038619163251344,73.58768012379522,6.210986020882714,89.7098665638542,maize
108.39581733525814,61.914623956244284,56.314401023636535,33.28055235621332,78.40305774497241,6.295287044797223,163.0779733104932,banana
29.859654209161782,121.23561297540354,202.45156244704913,36.79069006357135,79.95824625064157,5.903519992440211,83.32998598705251,grapes
108.5924667512781,50.18562619055055,67.26010888895718,21.403417898345296,57.86916221823533,6.707364282825237,91.18409141472685,wheat
48.58226085320009,81.70275280054916,88.044573648062,39.790418922946444,74.51059555203426,6.649038849278945,133.8801169927113,papaya
97.45427975483952,44.675921628334564,77.59328494453901,19.415620796071266,50.047168439712586,6.208908108995081,129.4025189270296,wheat
50.49792267855361,69.29876160867053,90.83651541505199,21.619666685826903,32.279207703558,6.460689430199833,146.88917329690634,chickpea
3.90829101547034,10.299970007542733,13.222000465128446,34.90031958455621,57.199984664427475,6.7538214100830345,184.84177264305112,orange
36.886670983986754,90.63409216148037,35.1655726309037,22.180533012761785,55.58396463104299,5.938021150661101,106.6875396771913,kidneybeans
53.58928658130839,94.5052736721352,23.291211713950553,37.57941220552651,79.92293661866677,5.674816914997949,134.95437595541222,blackgram
85.37724331342936,92.56267623805067,64.24438399411892,37.19259899381843,80.0929337869604,5.608145942337199,150.65012010369253,banana
37.34715624531741,31.695462407617548,176.3728231860866,3.387026839183725,50.02368533279656,6.3101400907454614,108.75745629862382,apple
48.58940500486253,75.83321299219372,86.80086841826679,33.352666197018436,93.22552214292003,6.066952533461926,146.3675805773178,papaya
22.02641836946257,26.125780003358248,51.84349312008499,34.003771151493744,61.93751768042125,7.039493245714175,98.5246220610847,mango
101.08387035323275,34.87850818034674,57.32781553481527,32.692984158001195,94.24699869937886,6.22571950838836,242.01227939036846,rice
33.25296285140999,24.601827739044538,34.00845396202098,34.16907954530037,40.23278945012274,6.2129394648482625,53.496133186652145,pomegranate
55.52724004182716,76.84918934741984,128.3966900748448,22.143492202757436,69.32753326754172,6.611119629020389,150.94133224649744,chickpea
110.78047449169091,35.727797552149305,40.83922876681183,27.843302968973056,79.88258164818723,5.5292700538507145,199.29534171908028,sugarcane
105.87786833349222,79.76502964565083,64.81115268403371,30.707200033818047,86.09694557904149,6.20593661771162,153.41898918086193,banana
25.947801701321417,22.748907574358043,21.068554015741363,10.28474170221382,77.86028733907557,6.564062686663735,194.26097101586555,orange
52.654291503484245,90.18759871520408,23.2946337902616,31.351295087602942,62.278763662559705,5.625927492249676,83.95648455635288,blackgram
15.961618081932162,29.598288655647607,14.517628258671518,25.30396647358073,67.31892199358825,6.10653685147399,148.78766059980595,orange
136.78124098624198,59.79765046268892,21.347338969868474,34.893103005440096,74.29310166005858,5.7849163724589605,213.1397460020534,sugarcane
1.0842660934493242,51.34006010351635,30.315396736249603,36.428348415662256,66.79913481364369,6.365679842114345,72.13254838586789,mango
0.8160644275282536,22.089779645169187,15.540508977392486,31.55837291099329,61.33844597056317,7.030133580422863,167.4219632447397,orange
37.09059480827945,33.62341430184407,13.402822802375244,10.597134839603928,43.135226879281724,6.4188396336005615,97.90536332370007,lentil
24.909651055099104,26.51357591035626,192.99272451675608,6.043552848219161,79.43088467345228,6.113707969543747,179.3537402228831,apple
33.463751165238044,19.94973065164729,47.28908301964169,34.03040965093782,52.8825636055676,6.161931704199915,44.59395967350183,pomegranate
39.31787518218803,45.711096539197115,51.53028473380499,39.64926455972514,51.31605347372916,7.103680336905612,66.07185779826972,mango
26.53477781137267,115.7326479463475,202.98173248748387,17.323238230220998,55.79825098233052,6.2352285181015965,112.5649912941453,grapes
37.879567837662165,88.97841693005647,38.60694786626553,16.297639034096214,51.708438460953445,6.061488346919281,87.82930312605978,kidneybeans
39.32965745889595,62.338411579085935,14.798224071007859,14.999752890590592,49.89447426569083,7.300731120990891,82.98963316427589,lentil
20.029396245767934,18.237847430746452,13.77712184868753,33.099860779173255,91.39342750870863,6.705967938060273,294.5713209420686,coconut
80.39249782608397,68.99067086115046,42.614253631957695,14.729355067459155,56.184738771260115,7.1860847472584455,81.87525029320699,wheat
9.343217368894368,20.53893782775393,151.89100682760176,2.953250966167798,79.59049768832486,5.815216737377286,111.53010903390494,apple
28.086573145932498,20.264399516556374,27.442121274931623,17.223425416439568,53.449966852158596,7.40484841748701,137.8196349528219,orange
87.16379757312725,31.766533803006205,48.433390939076894,16.835587825983403,74.0878960917053,6.054341269687346,247.18863660869152,coffee
23.943659639361325,104.39245171490462,200.83424289102788,39.406867459810385,79.64413758328573,5.854064562355094,115.58207673273928,grapes
111.02618541304133,71.52597956133499,52.95904426246156,32.862051718249546,83.44797138672241,5.662229571096497,130.99299092291665,banana
58.713967331681715,82.87221635887323,94.75333614681071,30.894261474870298,94.04406195863672,6.123679093103775,160.10826653932156,papaya
100.03877207435474,74.99858196298118,65.03433588280468,34.697459155237176,79.20885323961554,6.056798384373172,170.87285799048996,banana
8.231775079576868,49.66264433867318,46.40031794691935,38.267180913951385,56.61979766509393,6.569118438312618,51.72748002210399,mango
18.10242190274206,76.7963019079387,27.76931718782327,27.480071578219697,51.53017083875583,6.845979092340144,84.19508907164511,pigeonpeas
99.36852557390566,12.544057455111894,62.06751871225847,37.457538729857625,89.9054785284432,6.360686347378145,59.21792454980455,watermelon
109.79002926519689,16.729463164339677,47.597389746440804,31.37139474157241,68.58839586335823,5.994925962466293,78.71425867319991,watermelon
58.32996707244875,80.53742474771548,25.737750232902165,34.905606679763,65.25628549105883,5.567844446380322,50.18727439191686,blackgram
44.2289824172454,83.24038792901223,64.30904353989537,27.98375220605837,93.40881394562463,5.527786865118934,143.7777271889569,papaya
25.80249249642243,56.89189115746539,33.42153987119567,29.090956660327244,69.63815137672005,7.168662913146738,117.21486869324072,mungbean
8.772816048455283,27.155497254008424,182.6132002971885,17.45114872516626,50.021505761197396,6.436853430091015,116.45253723928124,apple
77.22228799049476,64.67707673502969,79.24744712109694,19.477202905250024,47.79410743192479,6.951008554649417,103.99853797158555,wheat
38.802978266668276,54.60284397501575,48.023764480188575,35.5129854586582,48.55617408041242,6.7615408403452415,67.33897296639265,mango
58.842939371500115,71.34830996406096,22.69025930174914,26.90902619795454,71.02062705360314,5.716982353010465,111.12143311988301,blackgram
115.48161709671376,56.32018060142943,37.73824883145467,30.579792598444328,92.25833300301824,6.055200811599462,229.44758675340097,rice
33.28903122017515,48.35073159826372,27.808204781475023,14.81220481885936,59.37749579216542,7.971943887900688,33.43375008114557,lentil
48.995471209021275,75.97243931956189,78.13443778953646,39.17421131232257,74.88926617753808,6.462513565242244,181.72592689875228,papaya
81.55251791247208,17.765150817838887,61.46430037055097,38.95715264710082,85.04870325156351,7.185069016703603,58.192491625580494,watermelon
102.81250031306016,42.143062384296314,45.61996039182069,34.33824094319671,66.23471524376508,6.756105119622637,52.69290116176361,muskmelon
0.47060377467990744,23.51542767719127,20.055859143812974,35.97414662993676,81.26002571780938,6.363052059773301,236.02193968665546,coconut
14.37355962063149,29.014362707234742,168.17572286846334,15.38414537569683,77.03777623389689,5.663920262046945,138.14088099031233,apple
19.91073066097183,41.55701710049239,36.669749156689974,25.714394900292145,63.53227385148246,6.74871960558305,98.10671908474737,mungbean
92.5586780824546,38.59623756384853,47.724997817070324,22.396503249207644,80.56022283123822,6.322600560659659,204.02859621168943,rice
21.743822996451684,36.15111691824625,169.35250059674433,15.53333480154853,51.34305166065461,5.554047627349727,145.72304196195444,apple
80.3525933317789,88.6451056190695,53.7775315371404,34.58644025722155,80.0840432990554,6.319333752298861,113.0698253748313,banana
33.80902232642959,20.508639966192845,23.83011091627189,32.083742525552594,69.82868040313102,6.4698761107332325,175.36661379095813,orange
5.634744158034453,34.99775081631328,186.4435254744298,22.36590558233894,58.366157787828946,6.45021120586543,106.32626718206748,apple
95.49097645699365,39.790708187914234,33.261002627933706,23.427035094502,56.536157253269685,6.4068616718611135,241.0755929319104,coffee
49.992798424467395,79.13607379918894,22.319218638855972,27.425330175250576,77.89420910853731,5.8728040030192545,59.130887757816076,blackgram
20.742559056801348,74.71140213701234,12.10589834223141,37.744186945461735,72.32583580508921,6.383464253968849,117.90690989769685,mungbean
16.224775610217694,23.591036731453677,11.341874652597575,24.842644573785865,80.88127143889419,7.242319136829892,117.05303893937753,orange
24.29066680405952,19.064966420345154,34.628039692960144,22.51375328771293,89.6580189133269,6.525897757023122,251.89731383766141,coconut
126.99145208669643,50.32594841651054,31.193678552671507,37.2419958265544,69.18392580591953,6.000718892431121,203.6325964826234,sugarcane
75.78675419465057,44.40545629886076,22.629282402915155,29.243493876372753,71.61406722137129,6.111048621316047,69.84907585371417,maize
82.02653517763406,56.128310245330084,55.00932031425517,35.59072306122986,82.23662040206443,6.373457945132706,188.30045606448664,jute
69.52586614662785,76.33738207517501,44.042071627028704,31.061892368217645,85.21151284910565,6.154492204004926,223.0898031150076,jute
27.916360018215066,84.38781820579936,48.94985541631142,20.4504518281496,57.11932547635134,7.210486178070923,31.217212004780375,pigeonpeas
30.48848233256708,43.66867875569602,35.760701074090335,35.000284778387694,58.70138697879722,6.7049383409145324,69.38715207929445,mango
13.101890837539717,66.92575550867431,18.080707545414825,27.803340378526684,60.10791060482775,6.927022960717101,72.93732996445235,lentil
39.71901014735654,83.75417458823203,35.97601207113179,35.03970702634566,61.89622037927923,6.873188342060261,43.72975448137101,pigeonpeas
83.35210072404979,30.325129544408952,57.16145929257791,23.186726798219738,84.78970456385622,6.450061967050805,292.59107204063343,rice
80.96020179379555,30.061148186523873,25.312467661918696,16.279514458317795,78.91801084723375,6.299679862521083,209.2984426354904,coffee
10.847111428448137,47.904100064308885,48.5546088571539,19.41110439707129,61.877992175099,5.9932679323134845,85.74422524407733,pomegranate
96.73590168326231,65.99152187057199,33.1030234458145,30.22635381954713,84.57878400210315,6.779820884010068,167.73279334366327,jute
35.549431575465015,58.574812807281646,30.322491684049737,30.65698316070655,45.53339884358164,5.4678461325151755,61.984066154120384,mothbeans
115.25032271052046,13.11515956365163,68.2721438484202,38.72061062574484,68.12050812905193,6.2409828741190285,74.13528435068298,watermelon
29.264592748180576,72.95756480642864,44.349219303393944,28.143349396974614,76.5133237462576,5.662747517605657,85.70101702878904,kidneybeans
98.66732623323458,12.10839159413756,41.502649181759224,35.474903152748126,76.14283992363335,6.517411968432533,54.58747182536012,watermelon
19.58243624910423,48.24421598068851,16.168884265968437,23.60277860486307,53.54008098217866,7.917032550005212,48.256589903494344,lentil
76.34096122002049,77.65470241279158,122.24608723546476,28.95381479977584,64.91666371797965,5.7309915947800665,88.79860129671978,chickpea
11.116880430774362,65.61257824854604,26.49965247597859,17.441498353130356,42.18046467522433,7.428243054804611,79.19955763772228,lentil
28.996410873443374,18.720965959451757,22.600691550848765,18.514398435527966,62.04636079141781,6.867344679254271,149.81296741839805,orange
5.521104357515871,56.93566316463323,27.884141850896043,15.300353779140885,40.40979650305876,6.1552958307065815,57.418634285758756,lentil
33.938870976250584,34.53021406703241,53.81805400355554,39.114884838616554,58.69631119204021,6.9832545749037775,88.3058387224681,mango
90.81394361982338,72.91040972129328,60.73295692159294,31.92709722343028,69.43302317434217,6.871452879947388,63.793347062215865,muskmelon
24.328455070657867,37.78294004277714,52.27109811269345,28.424968785529163,41.75373961710631,6.099858794946132,68.45851989210581,mango
38.792831409641614,11.000164514023684,61.431286015750175,25.71287893778089,41.12463870608978,6.876703810314376,49.774963114670854,pomegranate
13.929225588294747,24.2041969663253,17.27798812990665,30.831857625718943,68.170828974417,7.079337619898152,110.74532164418865,orange
67.0196650952543,62.709092717242186,47.379433999858136,31.365118006653184,82.89490497153638,6.2298267257976185,232.89934016651222,jute
86.24849532142375,57.12476083481245,40.447664010699015,28.68186335907754,91.75479519111715,5.89654278232127,243.313005034181,rice
28.4345960609842,66.4051296073856,20.30921069361396,27.61604175792415,44.11651694830198,5.401288538201728,35.383744711473426,pigeonpeas
97.62412456236699,44.278005194775524,67.36836300753947,38.11905906156131,66.1053332499566,7.246722235682876,43.58573645070307,watermelon
25.87604057631015,93.12500767427605,45.541001847666585,28.473886255122366,68.89651111013598,6.611226486898173,110.18675377557676,kidneybeans
33.94615732331178,85.64798532928592,56.94410671911671,34.093790430783244,45.42327864522181,7.000395591661991,74.92159313698163,pigeonpeas
112.48210036105196,61.157485361088476,77.56270794051585,21.981748536604982,69.93802331600013,6.526067723177565,126.71882889311269,wheat
19.6407905067564,32.82934329246285,35.76773755404276,29.642043236329013,69.24712818430704,6.322226833989697,66.68276661150014,mango
111.73955292832487,57.95261158298449,24.92537603092979,25.393484268732344,68.51199548353404,6.050444465648523,108.33123999223689,cotton
62.063311266913104,57.27961206236346,37.763399448000506,30.612789696601766,84.67566614134117,6.020068021177811,232.00654190149194,rice
103.85574398769846,24.641130629860612,72.28428081278051,32.372579988804,63.50243708306387,5.758130249658126,72.21154879015711,watermelon
12.784725020322849,6.704862553623379,10.51522807957304,22.571974311453836,90.5663543221623,5.984233314171723,118.84861328090513,coconut
30.67040365280572,58.57564988240111,23.472737564993615,34.14343240874612,64.0495712828276,6.502389155812262,68.24763310992293,blackgram
98.79217285794726,28.21862288025447,63.28579211258968,29.70832784558802,64.92811348367785,6.5074388691799125,89.81217306074572,watermelon
133.73304671151533,44.552839799386206,30.008851875105968,35.29025663368781,76.28235282573138,5.366884392806869,228.24610293422114,sugarcane
88.79633008302741,64.00082192477214,51.66650314837213,20.424728291898138,65.80367191567613,7.169776483340025,53.961882534835716,wheat
111.03490374565452,74.6917680383921,68.3345190686014,22.55519992545508,60.92414385007851,7.020211157640451,111.86113782151844,wheat
102.56025386434484,54.74229712041023,28.77149331236579,30.770952908582913,65.54783321937522,5.602092155668626,175.39468639451957,sugarcane
123.23801519552717,59.72037471197297,42.70190501205704,30.749819470864757,82.6849250008232,5.7784609433835765,134.33131937252483,sugarcane
17.56116975921792,10.89762032945436,28.402276266452574,21.757405567289368,51.15986977343792,7.034731606993143,148.1837253576258,orange
27.491320176525107,13.830167946534306,196.12862024529,13.64333285176367,60.91176563407053,6.256538583495306,125.7365458401634,apple
114.09461397048175,90.26210640231265,64.4205265636864,27.827235562392257,78.14897747510227,6.276151864105623,148.64090989910864,banana
32.13218294072134,45.89193982998954,175.91091578179638,10.932040685261285,50.924738560981105,6.379204337585382,101.30102134258728,apple
8.17785468262652,49.54803218795914,24.531076970525824,31.717534844459824,53.07579301673446,4.814095349403409,127.59739087498882,mothbeans
39.94793927365147,32.86842083539731,11.3068204171726,13.910633208889562,69.1321737588346,7.9584763366399685,75.84494143404952,lentil
14.073075883472459,39.30378547855402,28.506573497824483,19.162039303661288,69.74793326589955,7.9664319733074915,74.45171962991267,lentil
2.8325880554305805,46.00876382155245,27.307664157989304,25.38850525407588,69.2272757656521,6.878985025139727,34.23128460896891,lentil
99.41489484818202,74.15623305027435,75.65820258225489,24.654046794600568,77.24262959281045,6.076909535322751,165.7494229984942,banana
41.9712080579098,98.01768936360413,110.68035404812824,27.221530220205373,38.27150086512518,7.677623735402228,127.66455101731547,chickpea
107.84390850953572,48.323402132273046,22.01708038789936,27.31188125501483,65.49717885337937,5.812112758152925,61.07296457089154,cotton
107.54162422997004,50.173814940750866,49.3102086331683,26.324610311348177,65.2079985556798,5.867165585265228,113.89382245770508,sugarcane
33.11648248596257,15.312968318540152,23.564749439209464,33.53306106359865,83.61810161942034,5.336282171789494,294.4191986424622,coconut
13.10265175688504,14.197856846099944,19.837519189216476,10.49026331185634,76.85472035587182,6.784737224726462,189.86389283011033,orange
23.479274118066773,116.25472265391153,203.1865107826901,10.403684678268451,65.8462056328887,6.034799466281193,149.62244930446388,grapes
34.53772534041334,42.9217433847441,23.913417920827683,17.471406322140382,44.47287036014302,7.915638647626518,58.301870185383116,lentil
21.185781081405338,16.955401952088756,20.410410672830288,26.38457998658633,66.73452153715172,7.071229719588261,186.1232227260386,orange
70.62062905660481,32.66107601271167,33.61907613301803,27.990123984425434,83.0950057760869,5.864269861048076,225.51259062822854,rice
59.84940695479804,96.01108108510766,92.56485653843234,24.78021923008697,53.948342825733064,7.3909517292565585,138.94942410893486,chickpea
33.75251454633224,38.413162025710605,36.52763819794934,27.00667217490952,68.59921502747117,5.645331175162314,51.94560519615554,mango
20.747032696316257,80.01058029909848,54.17691841310473,23.81961372555523,58.3061155089547,6.096521702717552,100.81593772371447,kidneybeans
108.86810895533614,38.455643243202,33.54494482864969,31.057583149733958,89.43414270169826,6.377472013527053,260.26065657058285,rice
36.59727607081186,69.56736657464384,36.22169689416937,27.960118980761166,47.34058564369818,7.684499170398468,87.61198161570351,lentil
45.75140692064769,96.1205215667237,75.85075554002489,27.3393739151784,23.35793892330183,5.6877027124103865,160.7285230363172,chickpea
8.462912259572093,62.44625046350023,33.20909935017282,12.61525081538407,53.91489195449896,7.5496555333092425,53.61306717723903,lentil
95.17378992100782,60.23554715537864,64.45816941738592,10.271652757312607,66.16371726832455,7.398177423725419,106.51331835892088,wheat
24.344669491848695,90.36363845584108,51.37178819154906,28.84042475931551,61.28495331293233,6.259377601745991,81.78770657076433,kidneybeans
99.3226498077321,26.642826816347448,79.11414774007127,27.20903455340912,66.46077848563826,6.083734354072799,50.36543909686524,watermelon
3.799465799092485,42.83057656086801,21.614661821619492,21.20668833812842,44.743979371580934,7.721208980699419,61.327956482639195,lentil
6.648021472349819,13.97896478130502,29.672259009846883,34.10727856178352,90.00358080026315,5.468056350613749,217.61724917093954,coconut
111.14063520246654,45.24058474601863,64.03828779989989,25.514468519549673,74.92698250166177,6.232264022430341,30.97537555772508,muskmelon
96.01056444808282,71.68764779206704,50.290832036181726,33.83523137113687,88.91849288064174,6.295824097496536,150.1668141294281,jute
34.140148535666754,66.82471043583897,37.75989210623795,30.80884499675907,63.462508783303115,6.24781106370248,74.64598696375052,mungbean
92.36053451493905,54.22320465492187,56.8827389977048,26.13404517463423,81.65077886791515,5.727935162541941,214.06616829393846,rice
46.66556000107787,91.24692399086987,22.56865451839201,36.91408853265874,72.5616695314287,6.760504357331625,64.8301734807747,blackgram
31.29641098649995,98.7158818602207,15.257594859935542,37.319471490054156,67.37354847698289,5.515135607532822,118.91572317245083,blackgram
99.41730937602837,68.26458484333833,22.068740490692637,18.68465665381505,63.465612240796005,6.023411367471812,62.348939953599995,maize
106.29092832718861,39.29363577627298,28.701365958873104,36.32838244448111,81.81757485522245,6.593362794382744,137.57018481887485,sugarcane
35.40061298189035,14.430543038047341,19.270956785178438,21.75810119843016,84.94301223038937,7.144198579313708,151.307721836805,orange
91.93089816936491,43.26515890156998,31.793653946212373,16.810302920201153,55.26788244238397,6.272128668507626,246.3668227823399,coffee
104.78948430708145,49.48898697141644,55.47670231482534,30.548967599904465,88.52462905003208,5.593674767828093,205.157370458915,rice
17.449841054286296,46.332297580242475,43.13150474800624,29.15131197926963,56.74513551671322,6.1940046708244,95.97206140759798,mango
92.82270344065996,15.399139442865684,51.84707062235994,33.15654103267202,73.25561124273192,6.1934375224718226,84.78712773142684,watermelon
83.62648354037353,86.68979314532959,51.33590778282375,32.24144634537872,84.11435363825908,5.653456832108162,120.67466457402392,banana
82.7871468107538,64.53334598287302,35.57245355408654,23.75018253155677,55.76926197419307,6.182495655252312,69.00978093929285,maize
5.795946372293841,17.092450140905797,64.50696281327556,27.42626205419326,40.13121946849028,5.910807729558057,81.8340295236892,pomegranate
12.837417532777614,20.090113354206814,176.71102049656236,19.77124199809291,53.09440282635083,6.443020709645737,179.5072881181164,apple
118.89973420026054,31.369462365071513,18.500602438832942,28.42902892466089,79.14598072703151,6.528963415626712,127.48574813569155,cotton
97.87024978768963,56.00849103398688,53.49893948868143,28.457069858217544,89.80664607587296,6.025769598764351,240.52932097516816,jute
103.20914128796566,76.16139945818237,52.80724669713754,35.05380964066539,65.63710766395249,6.937193098078088,40.187021109050605,muskmelon
22.071171349027814,20.96216829718191,32.60771208738764,19.198139655921096,43.46670096509016,5.60705052083407,93.23906808639461,pomegranate
124.04296667200931,51.16757587931474,32.210125462303424,29.99284619232194,55.00580605096258,6.747164544616856,79.96318017146723,cotton
109.73492844904064,41.480305388619705,63.85079513928212,13.450132559315545,43.61700657331836,6.115429802443813,119.62887758781397,wheat
11.18377482092928,32.8297496693328,60.886100192298585,40.272209802589295,47.83381433299231,6.002285426498472,72.49864942001578,pomegranate
26.49487439651014,16.331322027974945,184.4058829603175,3.0765137474510817,62.76069488809951,5.747206073738877,174.83752494281828,apple
16.852553704958076,51.150722312088135,26.720351941494005,36.55170243010279,66.52141004654247,6.333558265863484,98.92722258976082,mungbean
86.56254353061341,21.407463840401913,71.71360181094109,38.49210865018317,89.25261509123044,5.9645793081929055,92.8778527368455,watermelon
102.2727344111323,77.85514613433483,56.59991033483017,29.904131503820423,78.20067969593657,7.395672900817546,70.21566997067742,muskmelon
88.04409067499219,64.53645556842831,46.68135784368301,24.86752939205465,46.950151041503304,7.414097661202689,114.96466489923685,wheat
100.51530410038295,88.52125825500416,50.94011463318829,23.94539759253643,83.34086002787193,5.8269776232427395,144.24913136680374,banana
9.271611104663187,36.05599764916933,33.35666401844148,30.856494165714935,89.24166200623581,5.948651141100582,178.33330857576178,coconut
100.17053843172127,74.62580145490928,49.653988153499995,26.178043641891982,70.69214207548994,7.121477736847467,53.041432681687674,muskmelon
10.109706749938123,22.45622580179512,34.84325192965851,38.751818733357396,54.803328378482156,6.3582203166796,79.86028781663983,pomegranate
23.81351893509583,82.10838280666792,36.29742611064575,20.850574164814574,74.29261152306992,6.1113975007482715,61.58727032882545,kidneybeans
11.704509096938613,22.893332472018947,47.51990991582217,25.379092152804624,69.5481360691259,6.721077889632145,51.52582817792207,pomegranate
26.70810768421388,94.4731252329841,40.16152030515029,32.30214938157891,57.63801199102794,7.105891969295955,49.91925878331219,pigeonpeas
22.820993804996803,92.843143097874,55.43530950286978,18.520252993278753,53.40381504574307,5.580125007901766,96.4978568245138,kidneybeans
31.681818341338815,78.19767126941436,37.921336669976306,34.90902330657451,70.40817529365198,6.40426755323352,104.52357183255744,mungbean
5.378281630682578,41.576205228176505,29.872899202640554,21.036195527348077,55.93009389228887,7.365928837377375,74.61735952613095,lentil
25.336075641845028,64.68165930753774,20.642352907204547,16.605160089066313,58.77789330871828,6.327685095369244,63.840004965143216,kidneybeans
34.0146376072653,94.22498264703509,38.6841476925708,27.524611100473354,55.32859458365607,5.738751301719722,99.44828213136921,kidneybeans
67.47071182388679,76.0041341608292,91.51250963906925,31.288738739784485,74.84984890558493,5.9272790149159205,150.51640182933147,papaya
15.9417485746153,16.7954669922648,45.32262704343115,38.9188043118924,50.893861314689076,6.927405343749682,106.24162294458712,pomegranate
56.86560361142478,93.31168114294613,28.356333056687475,28.51006495404518,60.69964976616126,5.891600199842994,77.87073456207087,blackgram
20.637577563024067,84.57685192892117,21.12021277889834,36.772193774921135,55.68961924575129,5.1080578785444475,53.97499951056962,pigeonpeas
107.88052055737052,32.40463932037393,55.458502573117414,30.72399362892067,76.86332647869688,5.511729455774322,44.71059210721659,watermelon
17.50358219345878,92.29994926626642,25.4095931193889,30.716720597880084,50.28221240766538,5.564945961637958,74.76279076444726,pigeonpeas
130.24854455800707,43.755690266456725,22.23111929931636,38.40133092826369,53.48416880601577,7.903021423701702,103.95534043282939,cotton
25.44302122226329,33.19378919309442,20.692535654733625,32.8139983870831,71.12231082974426,6.604655417904667,92.90479939721158,mungbean
59.567198461881446,63.83902786784452,97.69322260552879,22.721646330006806,60.47912786040745,5.775032428416733,108.78934875444041,chickpea
34.43420112173795,60.12853754955509,26.602000805002447,16.52127396969675,50.951538326254166,7.758834620528792,32.74705032283825,lentil
120.76129120518195,50.32626802376859,22.79659644792208,36.3838620504442,73.18764445628345,6.946851304839106,196.6419352590899,cotton
35.442958683821004,29.161349713179764,37.11240246590785,27.322505597134263,87.54814125127315,5.028159326565781,101.39151746065824,coconut
34.35255658699427,5.0617783485363255,22.625795295391544,24.272985751088996,90.5719375419828,6.8101562555889625,186.92153077345068,coconut
85.94987269980791,42.47264532341038,35.18425588520732,23.274140263594923,58.16994052785232,6.781652629380412,60.80190912547998,maize
74.85087403800469,83.15739146999113,67.08559396708442,35.25549318586931,70.49208038453534,6.6034639900170475,148.70160405162395,papaya
103.42617341715197,10.339823144288381,70.44023931798222,35.40822866978785,70.98859158619567,5.605871871137636,85.29595238710303,watermelon
8.99040950635278,64.52208103477915,32.56558918130427,37.47981867497916,52.417483751136025,6.407726391374114,69.72883087170685,mothbeans
126.12651162125132,58.14914455345448,36.7801120565763,36.257036424564845,73.65342029759896,7.26296678764719,96.44016005924041,cotton
71.82910859879354,77.21570472064302,101.76865168798864,28.189897485237353,64.27639729605463,6.1489844272919845,87.89386300184654,chickpea
62.409658551322096,62.75018262505378,63.127511501000015,25.588795796065,77.63610566371204,6.61690551850507,104.75177572071104,papaya
109.47178274840788,28.13664922497072,79.5711978042554,24.875919716153522,70.6504579840874,6.463800334219955,70.18801328489918,watermelon
114.28923749479165,42.93952851154621,24.400853420455448,23.974197009709478,78.62560161451422,6.3412702393835785,149.7425273661751,coffee
83.44464442025495,32.36546625851874,60.111337673867226,26.31098374648124,73.26198639354226,6.168209304173127,71.30985251831136,watermelon
132.90139177536787,54.11875522657561,28.812524185197226,32.32271827697202,54.28627884018235,7.505761530886899,97.99731326254002,cotton
61.14609710310618,63.33009569250227,30.339076097670674,35.235835455940546,76.12865645406742,6.040258003009232,238.25283314747298,jute
6.888732888281308,60.48923158568677,39.70329351204751,24.000248447554426,48.878109030146234,6.489617922824267,45.23661132461568,lentil
25.35994533768756,141.04937065516864,203.16589337447886,32.51585847052765,62.71457053327288,6.21938815557482,52.81215062779238,grapes
114.23700758365192,27.387125932658808,47.713584357689825,27.05768996305832,83.06292542163482,6.03117519661472,86.03400364955337,watermelon
38.32127439999904,73.79462554147453,22.061403325015533,30.04955387596214,76.41350766802141,6.176746005531394,110.36445245059878,blackgram
50.59465031254285,67.49308471112393,85.4162024538985,30.517707717142017,83.8815830651985,5.649897815581615,180.50176932346278,papaya
23.135208573032784,130.75432368207717,202.96842309954366,33.66413358431926,64.28387729338547,5.94797165638219,90.54716763304185,grapes
13.912893897321839,44.809393958444815,46.34403255828295,26.884652386184708,48.69183951214644,5.977503542172048,52.81257126942048,mango
99.20539758553493,54.92829476420508,59.72989972103943,33.68694706052574,65.67232961335047,7.351361595400486,60.45121692977683,muskmelon
13.582925648326786,23.408927208542867,31.681791843037786,32.357706236445516,65.64460158976564,6.072361581738277,91.8025161488924,pomegranate
116.92894987940915,67.57117284903349,45.084104550829615,30.350847539633595,77.7744898170479,7.253357557635973,22.61965572278051,muskmelon
103.09366900785481,95.58941339132227,68.01225415535228,25.227199402096407,81.446180716135,5.994042866935733,105.52176267504056,banana
21.170134551561432,45.913827305974024,28.634002205449942,27.135427628368113,76.91962584892026,7.012402484031315,97.64832078552703,mungbean
45.76893084001109,54.56252846411226,21.546725982346693,32.56328644211023,70.44147142274666,5.996362874617039,104.24458060772068,blackgram
61.18263226526185,44.164343279382955,71.99664341492758,12.678169930815004,59.582383235556236,6.35727417157009,59.94413927593452,wheat
21.024485928086264,122.34319400037722,200.61659245537646,21.63299110740396,65.52129363976253,6.2728400834265035,130.3170511632731,grapes
42.791696843082754,96.97404438574378,21.42845756708546,29.65877922032118,68.81073296246757,6.2791791497763345,113.19913441314688,blackgram
99.48330177294312,75.13009870929386,61.09020599802709,38.94805723440818,74.51390689748389,6.735673645103925,27.184807310031914,muskmelon
139.2394951265074,44.502223079194394,36.588688062863625,33.419704354101114,61.259897237588056,6.428723822156915,88.45123275205222,cotton
112.6717347829739,78.38368590436936,71.70649907006468,34.0570461826563,74.80024764157142,6.0601036295224,79.05931872884247,muskmelon
93.49322435383061,44.82571081861451,20.01793816504386,19.00164895033955,61.02913035769405,6.116783680534305,110.2279929648194,coffee
24.228625159978222,111.93268335325101,203.31429893817332,40.82525357642112,82.47443044572232,6.002875520065585,129.51102825267247,grapes
55.19602089290816,73.79531637366003,52.22850203563154,39.55859998941041,87.90157633548895,5.984791097986504,131.86972572853972,papaya
85.97597553815089,30.399403172539884,58.42330202778666,38.41216259921172,87.90016133373217,6.267134782014584,69.50427658113937,watermelon
8.859741954385601,10.695983997367001,18.184991475707946,17.229828799146745,82.35910998454835,7.2005462826830176,145.70239521926254,orange
1.2613851252489638,66.49987492737114,27.424552955148613,35.98217494609388,47.12496506175167,5.521251938776576,122.92355094683607,mothbeans
80.05463344901764,70.83648814983287,44.263930125350875,11.127066726037132,61.8456626861081,6.743236974309298,118.84023964277361,wheat
7.476478591623037,58.197402871897786,34.955305542800645,29.787210373999272,40.39759817394561,5.123661884098682,145.66005677673076,mothbeans
26.795232867519754,42.34582475543952,39.31435998401217,35.35555222019691,68.25984120385775,6.351341258691534,128.5331691138784,mungbean
36.02553648153349,59.300421592799765,18.82138192799768,28.96415029006959,67.20130987101456,6.130806535103314,59.886633845601466,blackgram
24.094651289976426,89.44216057931158,40.51915367657367,33.295916964112855,67.21868684357716,7.302573790134505,67.45747460004225,pigeonpeas
31.097094370888748,59.320692358316336,26.201556669291435,29.231096852796092,73.36474033954687,6.575326263395916,108.11853427321135,blackgram
67.20796493935616,64.33925030265662,137.28954696571705,26.252322356923827,49.71458122049538,6.327540731121806,82.53376824394209,chickpea
10.618928999905958,48.3497013371356,38.88532319311102,25.328175084203732,59.30777407326859,3.947785690966419,131.94380817932682,mothbeans
8.239201435078467,20.037736610705245,31.177951549459806,39.65925734765394,47.27061085410287,6.826621419008004,90.3459819279767,mango
23.390272333492188,42.649114074512006,199.41310575715934,9.332435915378795,51.42246908420255,6.301171503295325,160.43807190828082,apple
17.71482024423562,49.64563876538648,30.474371987105858,11.828341796236865,49.85056221432154,6.1505444820072075,35.13525316618437,lentil
37.05085289751001,108.91883738897506,204.37199015854165,19.98599420421759,76.6805072342346,5.819225297786188,140.59116712346474,grapes
70.83258086657284,66.36105915807269,62.10979460065711,27.535866237005585,89.37146005454889,5.69455938698504,145.37537602503534,papaya
106.33468615779944,35.961470446025174,30.165663513708072,32.600998569912846,90.60286015771426,6.2290071680409875,265.6905520028919,rice
12.382774089529258,34.67536287865579,51.36406760343462,23.238467588481267,44.92723201669463,5.855197051894178,75.17707386911589,pomegranate
96.62845236599394,89.13262041974939,71.95087316458515,37.12303617803211,84.1275691945618,5.754626866652895,192.41479491366988,banana
37.596974915428355,33.721068503600975,59.64372227863906,32.278456836480345,45.37491754870452,7.282280183587019,67.62132238808961,mango
102.95463398708385,36.98055274663463,46.34100538533371,22.25235778358095,78.99477551012126,6.024347424199965,114.70115271711116,coffee
106.46700242870122,72.44166820227936,52.800439569882535,27.431902640959084,85.20237820138318,5.558133791026829,192.91163526913255,banana
94.98249365818154,56.85698202369991,75.706868443079,22.261653426076613,50.25452055093628,6.389135150146939,87.96924081672668,wheat
30.858808889786555,105.82212776350154,201.8791060950397,11.370967817439213,73.68862132550146,5.946874195200439,127.79849715709368,grapes
124.07693724060526,56.775698698645385,26.08450035947969,33.713433259500064,68.93922659275967,7.101733757073916,158.36872823197228,cotton
31.635676766348393,66.48655535731062,21.924887711421228,27.66267621198611,66.02849823597117,5.801306103537486,127.42605684324514,blackgram
54.74249876110855,98.00059404095627,91.02306450791575,37.80922694521816,74.30485668564386,5.906444811806829,128.5626599683577,papaya
32.71939084308821,21.753889390626245,15.04363963638539,15.092934831941665,63.61539350710196,6.714851915370028,129.6065510038947,orange
72.32441386457373,78.55149823021412,82.65674445263447,24.701624416228988,69.60328600449725,7.031959065267804,65.0084566999611,chickpea
61.52514760464571,33.23674280979913,30.942875570602027,30.273335346429143,84.7153397161449,6.008570691164703,286.13497108891397,rice
52.08764107712207,62.68740786095605,87.68955017963874,17.967819745164967,44.812309150467186,6.983841050056266,145.20004140284232,chickpea
83.92936685381403,53.206894769093296,36.00807640180635,25.294861113521335,77.94649784626385,7.125971477432187,85.90615381132471,maize
18.05346900616389,15.367767397039099,17.293355995146612,37.66818984973828,81.32949462124371,6.84446173967746,196.04734269420533,coconut
4.504285961572472,66.48257811505556,15.838889416096738,21.033592148608484,69.56900860263113,7.764793069532727,96.95947499928182,lentil
20.82621414936446,39.6880403648453,175.48677550019687,10.138698960741099,61.94261534708693,5.526446902597668,133.5557201696657,apple
6.110017266704664,3.3170861003890417,25.67101617764045,29.55099785208471,93.61835900619249,5.726378392181698,157.43045268752573,coconut
33.23689963287402,1.66383825025878,0.9244267387116878,27.968113598056974,82.23182425773729,6.116768955140444,283.4697803013498,coconut
36.292501120518345,142.12733686979485,202.56758933370884,40.30949360278784,71.07066911368089,5.894190494599908,134.82031285528956,grapes
74.98192973518326,71.90929053392856,41.021721860912116,26.131223837936254,81.13569821856376,6.845120851496035,269.38895807152534,jute
72.22975829789165,56.10814883978241,50.17521788020947,33.868491960316284,76.30478869298902,6.1332099241366285,244.85943846982627,jute
67.8940611076356,68.63299858728354,76.36130082662564,12.69524663305363,47.12629974771633,7.457092641062459,68.09769527094898,wheat
30.73459970770402,51.55317719678435,28.180154734725463,33.90756144565714,42.69749692816095,3.5779468811773407,65.28058093182833,mothbeans
80.84059957553056,65.9933338274909,20.654701903264684,25.96547623410707,83.9018330264065,6.620336366923684,96.84112310165459,maize
83.5509306782493,44.599799048311056,52.82479626200907,26.85330419885146,67.1810950902614,6.335937016027774,55.07152027626803,watermelon
26.550669444868,26.568022172185735,31.78226526470613,36.826597009697494,60.36139708646061,6.209206696169087,102.98317307577801,pomegranate
22.620467111227853,71.64215464334188,10.576951103702806,26.458617767953356,79.8113042551347,6.480394178590351,147.55431937239536,mungbean
22.73276604311702,27.58031121790207,153.36203170260183,11.15254724268396,74.6220752244719,6.114541018221315,183.21624537291183,apple
76.3099242001093,46.4487524790049,49.692288105019706,37.62496179578771,81.2437762212905,6.714753276443946,160.26756788490252,jute
96.46420769273155,60.50754044066034,49.22679246871034,12.647920480082623,46.61458627210526,6.2796573932163815,127.95844735667534,wheat
121.7798783641546,51.27962485417829,25.019639120031812,35.148212326532246,79.59431951285279,6.9044435713951895,106.36334473103375,sugarcane
116.26613187807996,17.649685163044854,64.61715660131706,30.491430786895165,61.23247094866666,6.194576948611395,55.913711350160476,watermelon
32.86586388658,14.89154884722398,63.94350628123512,27.93764686657062,47.61090489987432,6.804652852020888,70.24173597436192,pomegranate
126.16530948111495,56.6738377182003,37.36420263535821,33.22108721626904,68.91191790009002,5.947842440232206,207.45956679371483,sugarcane
36.61907524873326,5.024508140812083,16.737871588649117,27.512990527806004,87.47226080376723,5.91526374909035,203.7779063302163,coconut
27.911881322500953,3.289328860424021,16.73056323610303,30.948829953229232,82.81116931975666,5.8964531642164495,220.205175497738,coconut
67.27115468869448,46.27250821267223,54.81906449211738,25.544897817311348,78.38365751804243,6.1682036557665185,281.8995323517711,jute
5.3406220541127825,10.959154648739753,25.508190291849893,24.267079376799465,80.4281922417558,6.224794198329827,157.1828771182691,orange
129.89777626386777,44.2142948519384,16.446111236179014,39.32463681581126,78.28172957282337,7.527416994926498,198.78590621899087,cotton
73.21138670008338,62.56927266738144,55.51723584045348,27.61986891408207,88.68866077506883,6.68908765374823,273.49098190200453,jute
24.874342643350523,60.893797350651646,52.348615875417586,22.3670780354374,59.20514392107855,5.652897860170855,63.763295454083305,kidneybeans
28.32095135991647,10.16871316266753,34.483363433609256,36.29509544602024,82.91229044927823,5.260911273102788,295.12099371782244,coconut
37.93404962663192,78.54926943725283,24.14174287811136,28.24064570152325,51.273847068641714,6.444144990165017,60.70610790849726,pigeonpeas
37.81947769381408,125.62737663333591,204.16195520850954,41.715227660681755,59.90848612414829,6.191777639141982,117.42935737000246,grapes
21.39632602971124,82.26782683283413,29.915022892958028,18.65168451043117,79.72175165742816,6.635169710467807,110.21636149746301,kidneybeans
105.84187776386383,46.02443812274076,77.30592402169914,30.745882096315054,81.88564265929315,6.0305116228232665,32.31122857428842,muskmelon
15.643689765928821,11.599649655935096,11.79651505144168,24.76884303382662,73.97454206953063,6.628138485723983,143.18436923120296,orange
3.560127119307186,27.759684335571023,6.656571372437594,34.58187817538717,83.7508513776523,5.834097456641802,170.0940404635856,coconut
114.92172588060814,25.06575390111185,21.609043745624923,24.327044877954858,66.88689288081834,6.424549009979338,157.50957115873885,coffee
38.01338078099069,87.37730758326396,38.715701125281,21.671470512983383,63.72244355732428,5.188694786060072,34.8020689426602,pigeonpeas
81.65843381640161,43.66328293306537,76.69254301848972,12.052279463784421,68.50712061462407,6.669008659436933,68.51329288386196,wheat
28.348171568545858,55.633341970688875,36.82616702999404,36.51223159760535,53.95609396988817,5.107807979387214,138.52289842111725,mothbeans
13.446386599403954,21.772869769249436,64.91185300317771,37.127703714215656,55.44939431945034,5.696102109186775,55.055003002553676,pomegranate
120.35562222364223,41.07842310646623,47.98774587709016,35.75758215835187,82.43023454774092,6.4286532714699955,169.25742157196788,sugarcane
38.90272942598947,34.40239607722904,44.33602064739407,30.329259613553837,60.475351903486,6.824464316659186,82.91933863174813,mango
83.20747027248453,34.30516633199373,38.9027938058499,25.772487779537762,74.58673900123169,6.1385346248567,241.13202543388064,coffee
56.10445753360651,94.51512785567601,69.19744471314863,36.052252477445506,81.89855543869311,5.683874734760774,192.79342012370216,papaya
107.17669196304199,38.054551285438976,27.758625046641164,19.97647624118755,64.90645194614493,7.01350301137727,75.96929297519686,maize
106.46685744947848,44.3070031940391,41.549935261160115,28.215424105648083,81.01537958872218,6.333200958093238,124.40496157128489,sugarcane
63.66467759129183,38.30632944441611,54.18603839379184,31.72737597498756,82.76781529034567,5.70934932333671,205.5708154187073,rice
31.823078051887226,61.85740366182511,21.391502309712905,34.49736151563426,72.48671053102412,5.85643182634063,100.32704481005844,blackgram
56.37371855315779,86.46306962296234,114.35968203961777,20.739617325983573,48.730751660822136,7.4716210798053595,63.67986812726499,chickpea
116.9071984177294,70.54423176639042,45.604527030658105,23.027019638468694,54.62293594748541,7.341828340341137,129.98552559473154,wheat
22.82758646307392,19.37064792438902,21.99915945535457,29.86865012197869,88.48184549111163,6.431011909242257,121.92563888068796,coconut
97.11362282508212,73.22531819438169,43.61274241196292,31.002465914740945,82.1856108851192,5.604554458151024,161.24895070970834,banana
51.37733829741782,81.74757578804909,20.80826785618807,36.81753223708507,79.3906508307004,5.760458968938118,72.3012641411878,blackgram
28.85908330936068,42.47884027917641,29.365771353457358,39.0704093046763,49.02430626556793,3.947269246304743,148.50338450059598,mothbeans
31.994723855242995,97.65232930799225,19.22738518649527,29.966452795346523,61.832764103514556,5.668409137493365,122.67405652293196,blackgram
36.82143540410219,20.480121090907303,46.584446271550476,36.10995371599939,54.550539625721235,5.670806060325443,98.34768340167413,mango
67.14189365672642,78.52807023123032,97.28148388744985,31.644056826016538,84.98233915776197,6.214507440241549,193.2846221360299,papaya
9.133233463732417,10.992373201702632,45.35095721422495,21.397172423707758,61.31162942314894,6.491695880238575,43.07801491350184,pomegranate
105.66729222258948,36.40286539818292,33.8467242325937,18.111979437925118,62.40036593564869,6.95292343022601,99.59049756746816,maize
12.717573188272912,32.15323663471294,59.22827537451545,19.01603870165981,40.335979157671126,6.187100408609337,49.228563246246,pomegranate
28.94261904766678,71.61189932176137,53.12219891877091,32.09578168524187,69.12184491957383,5.63698088932826,64.00488800486627,pigeonpeas
66.14794771620316,88.69680644118361,90.69145657964216,32.402637739909,75.13420461724964,6.60584151587474,169.9713077154337,papaya
100.20462222976025,49.534822668862844,58.61110125103693,24.931805293124405,67.86822965444955,6.372140960438625,49.414157448767206,watermelon
0.7428287506039544,35.5457067745182,9.07603068975233,36.86849042697295,90.7615167631738,6.525306979822968,140.2922991586321,coconut
58.163863735101465,86.72435201612018,68.35869072156461,25.28321317864352,72.5132589672959,6.244329219234887,168.99643571263624,papaya
13.153321875247613,75.05717099369741,36.8639828324737,41.18499311105258,55.80219024534189,5.4787904811764445,135.65844442274576,mothbeans
32.26064688686675,97.9174291815471,21.52517891156213,33.10234762575071,73.32610646256585,6.319770563051805,70.52575297362701,blackgram
10.803117571093836,34.59689679604188,30.57787662124659,30.576609749327595,77.29580443999791,6.8946720036441995,50.81009416473224,mungbean
138.5631366596043,32.67868573576719,32.17548166258106,31.90102464731086,61.62946416366941,7.191966133246922,158.53999282880636,cotton
102.38098801391087,48.113863588481635,32.16474783731517,25.83180220905448,61.51516649134938,6.803720319702192,111.66742304652831,cotton
17.154174452265536,40.338229892365064,44.87211965098143,23.858269739822457,61.87040263878906,6.129508438235902,108.69639730283365,pomegranate
20.663929722109398,99.87050339945637,23.958092067461397,25.23962702167591,57.5850860922437,6.08797166936044,98.7560510880563,kidneybeans
37.76379143721458,23.437846135157354,178.03472406878402,2.2813568839815463,56.01407143299077,5.91346576671016,120.62027159017788,apple
106.5604891227041,23.534714637008634,77.42092091035428,38.595321139986915,66.28045198152296,5.578835170240726,84.47852250104573,watermelon
27.074891033103057,22.56378844144702,47.88427948649691,36.09371765832614,46.329096718598514,7.183244015085548,41.82122833198026,mango
111.01263015521505,82.97713932012579,67.82560862875744,36.78906168011886,85.68591042709383,5.8683745075847344,171.30282022890967,banana
108.76275236407432,31.101640875024636,17.700643853267284,29.421770389420026,74.07757038739439,7.058507015412462,131.7734816338983,cotton
55.121242489327805,50.40540984431066,50.46262612179512,31.908490113433835,82.20837282510837,5.533854544860164,168.69274167743026,papaya
131.7831311480076,31.0401080017945,29.570170877087243,39.92700025906096,75.67088281512619,6.947180515895897,68.90972730012993,cotton
54.713928463051026,74.05255637381592,25.11039268689199,30.654794329216017,71.17446816425105,5.587069505527756,119.62634753005331,blackgram
78.65893930293973,39.755499660802414,51.888185350141924,30.288247127617772,93.3081911386449,5.972214925161949,167.93913689074526,rice
23.898855379403198,137.2090531228013,202.8132771145137,33.91437538059879,76.40822098790414,5.707511495384879,106.88127364338729,grapes
118.13267131714149,69.986073269717,45.20344960522528,21.373947938935338,40.737607493764045,6.033185327293496,82.36102191495412,wheat
72.3412357317333,34.85545672637626,38.450389041166,27.295605367653458,74.31712760623392,6.560604266498316,52.097561171581816,maize
31.135824574128463,13.733124810793056,36.90629604390359,18.294975867736103,57.80957738340431,6.830101587918857,86.94643212014697,pomegranate
33.945489687245285,36.36020596688904,21.878232874419222,28.52898861927288,65.83317541001874,6.323255619950882,130.5763832543007,mungbean
94.6936206110912,31.037863076058375,72.35197778004603,29.788292990761054,75.7276416161321,6.841454650885201,56.1663667782193,watermelon
99.68223666422486,37.40782271469872,25.22328006002253,19.180747796560766,74.80908159104014,7.028745324443472,63.2523214162502,maize
24.409409619987397,107.40547262932007,202.03166115481883,39.50390302942496,76.31265445037235,5.918923624792919,101.72721697543105,grapes
103.14275431105473,51.884868624927,62.656185611875884,17.140756032986495,59.91013496087945,7.405244608987137,123.25720972102503,wheat
134.09055497564725,50.03414049679219,29.83053925268461,38.276839970234434,55.559905385861434,5.973732156819823,93.53142378733534,cotton
106.99572812216618,27.17199152225089,42.74121263033649,24.88007208450728,62.8149506227075,6.205341316505141,131.45354161453014,coffee
24.940312398248885,44.3086705976971,35.33216836876197,18.159395295637772,61.7932407432225,6.191072415272474,57.72170424116423,lentil
25.108016544029596,25.025949419720032,35.64239197969188,35.023772466623214,65.63695506823721,6.5287817386022375,41.251493882437266,pomegranate
80.56381770205039,52.33873125957936,47.191266018570474,29.227745551590747,70.78538828483305,6.271998605344356,150.95685651098862,jute
72.89642271544541,41.24732540245139,50.490561771993,18.926168960503823,41.54277440452751,6.744549370801854,109.68428489168892,wheat
70.89586300808554,76.33802245334513,63.33567179064482,16.0127712514546,53.86017410932398,7.420925009417723,65.33514031160801,wheat
63.15757611786222,57.7119254617495,37.83145578704544,29.464027128309375,86.69143580511255,6.935484513527496,177.85996080077786,jute
97.43155948059439,48.07070714948917,37.59825389526422,20.01617049293836,77.10621234832547,7.225594155086457,60.836990004538784,maize
36.90580558414288,40.09487279888382,39.83651982054776,36.05698620934959,41.101388304492,6.449538012087302,60.17940365622001,mango
20.636834890961957,86.27176018520127,44.409959131592196,25.625384040579917,69.81159320814032,5.671442021713576,77.46473288253878,kidneybeans
15.265185584257985,94.46628621988192,38.05071181485067,20.072455019371475,52.04935531636126,5.467002102612589,73.70803412305142,pigeonpeas
124.02604266193424,52.307817485296795,27.656651487380067,34.145664502021305,52.1279664840132,6.359661477852063,110.65943304871942,cotton
60.27720464308778,84.36949563428573,81.66417411664978,37.16081009417762,71.11878584815595,5.944661087169096,128.01341187753798,papaya
13.703950848724777,34.223025688778534,15.650406198683502,19.00890811137905,63.79689034819967,6.30030728836775,76.181207258253,lentil
56.31081813784911,59.04865319890011,26.95888538472161,30.940744675164062,66.56544587116302,5.7373588940113205,66.76142561466294,blackgram
15.212150302086075,68.6673697595601,53.08746856981287,32.07044091488484,66.83169561095472,5.142949136325666,71.78747760015099,pigeonpeas
32.62981522504484,43.89249513322847,41.809065608323266,32.101534890625324,65.6364217960654,6.180008772119784,92.17898108873028,mango
23.495699757667317,129.16136431248464,201.22727231269465,32.397087010050214,78.30464101720844,6.1734197289114325,111.44994602551925,grapes
94.7205245143436,57.54461676758362,69.01030641660546,17.300034121370544,66.20269714244982,7.351052796016887,92.17209268734554,wheat
75.67642251775636,67.88654768551922,35.803060288694475,33.33955825633127,75.19656275880598,6.886086108813516,284.3534916399925,jute
99.40291636570782,31.633082558861588,72.73442565580866,26.74685112069147,84.23494355479866,6.885756855393304,73.35224885193756,watermelon
78.76428844190315,50.742486698145704,33.029343204532836,27.1773841582234,72.94551127104182,6.973076797912299,263.89387603777107,jute
17.323044103471705,38.118626541785744,37.30652195428055,32.63684963965291,61.783182051082555,5.971714953799766,98.02279783831145,pomegranate
30.545276621885364,37.51936086094679,42.91257990855373,31.091715553367088,44.4182142549498,6.178846755153374,101.68381376889486,pomegranate
96.2946209685133,35.64131064421224,46.897239754070306,17.551825930043872,55.56411279263368,6.43083244234955,186.56756235818597,coffee
68.3696316391225,38.76433945605655,40.99085529881075,27.928909794821468,91.7776394208952,5.69967378215836,227.13516576204174,rice
5.995771813126325,13.598691154438436,52.53534962664662,20.730299099535642,44.163276523378926,5.950045720893245,59.71571067791247,pomegranate
127.54526517231503,37.59817150568145,20.29936329975348,34.40476761061386,78.39141498368946,6.672235406414497,223.20825443510415,sugarcane
42.83486802619494,79.90912227710012,63.22021489648227,32.91436685258062,82.93652523460727,6.886531519290701,154.90832225687228,papaya
108.50384088698766,39.13841307520112,32.93016342019152,30.89502934465804,86.60228740609402,5.622038234844779,224.27653651669053,rice
46.74146926888463,52.83074865673617,17.548243127412373,28.708870371572967,65.65251211902986,6.510131200370306,51.83486616736326,blackgram
11.11525864148938,37.04059310464997,37.51909436392152,30.97270370603892,61.55331723556707,7.159726838038962,137.89923077586502,mungbean
68.84954785784257,55.23965094673599,54.25217216681072,35.707106939736654,77.69222151957537,6.459124023286681,195.49288362739244,jute
76.44963999358835,33.176774759559464,22.569747487892915,28.73029049596942,60.756019741562284,6.146743124231041,61.3328201113494,maize
83.00571812710346,45.36809705305401,65.79026906360372,30.09490930722164,81.23843480103568,6.836137117005213,35.36127038369078,muskmelon
61.29773784188748,66.34870554908089,45.96875627854364,26.34244511537563,73.45047753892725,6.567974297316081,194.45364202699326,jute
82.05206533749188,32.726892375419744,20.77435720848461,19.621995469857872,83.89345334767522,6.599059071790034,98.291108057661,maize
37.35446305610185,119.44523065608682,204.83295385111657,23.375313403458414,59.283569100036544,5.889434680077673,145.1702406390537,grapes
27.19347039030881,42.440867571689076,34.358865172156634,24.017563824049308,66.83616556721773,6.572658420427134,84.76876784641178,pomegranate
11.599495705765674,35.156205796944604,155.89693374371168,15.718586509615719,58.498895839931066,5.500242934434513,112.69360576741764,apple
12.785921103504991,25.244373040331315,54.54848727416912,32.967022735134336,54.450995140370225,6.10098677265693,109.03262181260865,pomegranate
10.277269437432345,45.62527284926013,15.232316296492451,32.65750622790843,65.08504805229087,6.4589984545281,98.83381439953187,mungbean
29.27872526909782,111.06183641601586,204.57421074925827,19.403831658875795,83.56792043600117,6.033055290094711,113.15443786761602,grapes
49.85082936412693,95.17038779313964,55.21857290414145,39.74032359386989,91.5061952744366,6.531847968218613,193.8749888279833,papaya
30.89617067163679,59.836943138995395,13.682201640238613,37.52049057200344,62.457511597883055,6.4548819564111835,131.36278802229802,mungbean
17.70356093297835,14.585597743428274,63.47697319637168,18.663163988542337,65.0197228629729,5.71042751918195,102.05948788418064,pomegranate
93.63960566497025,54.13950666385819,40.294038116790865,27.659867996169236,63.094621603846434,7.150098820360125,74.91278411317268,maize
100.02317269723325,39.37175130053161,35.31711226185511,16.559388242502607,62.80160111630052,6.401198015276816,229.2127069143276,coffee
29.38688194715912,64.92938672039216,47.608431067978714,33.17542109034882,41.28511963566995,6.689477409069963,59.028310791605044,pigeonpeas
38.677868762997264,72.92354989178209,34.62568650816846,15.682169269590554,67.67602720291559,6.5828859548934,106.41115141452619,kidneybeans
24.083344547906606,85.18269580675087,46.95351844667908,23.792382506545426,65.10816534429868,5.724842734155945,43.06787481400217,pigeonpeas
121.86592880751154,41.41201646911229,39.42000821276648,25.771529493221053,62.67645284935834,5.892454285377092,163.58657690737024,cotton
51.76013554379813,77.99465507679747,65.04595365827095,27.507014723039607,80.17934346497188,5.848410047185751,153.4800976919168,papaya
16.419724581653668,17.70119661752558,59.805309939935995,21.049350368584186,43.11621370836431,6.565217556394755,54.61859143163887,pomegranate
96.54066121159836,21.194343183372617,28.219642984099153,27.423443074464362,78.84081519574224,6.17616352712627,106.4650163422486,coffee
102.09464551268937,37.85689198158205,46.157391838415165,22.500760961429865,63.63702134308615,6.40150594076316,181.04183397811317,coffee
137.88362668434075,44.88776258647084,31.415531296096837,27.119459380110683,84.65514130652645,6.468887864151183,157.65325577862023,sugarcane
98.30526585090351,62.62979802453157,45.433839832196824,26.105733011360133,80.977456030852,6.379979078965395,241.07029213253654,jute
72.90624490841542,85.93695727086315,90.29708252626507,27.680026830339635,42.13114693094808,6.746209350014059,196.72222748805382,chickpea
27.62210561598579,44.55847925432609,33.13786469309369,29.759788340719656,40.57602741138667,4.744492015666862,93.3543102803801,mothbeans
101.64455299515379,38.152685556216156,26.614629182442478,23.133460262554593,69.2901912370736,6.092419198973513,108.93806460297156,coffee
34.773604316294204,19.50795041224915,33.247511482017245,33.05132145746682,50.09106135651129,6.508126585909094,42.24838292474701,pomegranate
24.949689819981646,33.207318664707756,14.418521165970223,28.886750529407472,86.1427772041807,5.749462045071519,285.10586432937896,coconut
103.05586593949057,57.69744605297478,49.73767981106565,19.540731473449505,58.12328948152499,6.948677634257482,78.91934585032045,maize
87.7847701729826,75.62869769018496,77.86255371914976,25.945878763050786,85.02541053176091,6.240149393697591,144.81286994651595,banana
39.832094711196746,21.552398798163583,157.46340063346236,5.783910191902031,78.08376714620404,6.020160223024396,136.48180963078568,apple
35.0522384703009,86.39279340250734,17.756083887636418,31.649327999714835,61.865202403616635,6.881329236745293,84.39606135835675,blackgram
103.50247088599193,74.14195416817348,59.2980588152447,31.55758881564565,82.08693170872336,6.19831332394056,143.36969331069596,banana
104.7626927559254,47.50106295291479,58.86517645423626,26.87331753380815,84.28568129422791,6.3685991281894605,183.53937577791788,rice
36.400556445308496,60.37900525046786,20.145868111387053,26.395674905084512,72.84342746381364,6.683465781778441,115.80161027328974,kidneybeans
62.44650849328583,47.72678829564725,50.32693085526847,22.21564177606213,87.68139587448921,5.726495775197938,246.77591856141748,rice
17.9659281092885,18.802415419698725,11.822746781794145,27.96509351725489,58.549467519276426,6.295430445313082,141.27583202773934,orange
74.98008053155115,59.576998545725615,48.84837767278409,24.815020119949708,68.32178019059839,6.059140217052759,120.55751725156884,wheat
72.55512306060109,67.64223250957048,38.14899543823109,27.477927829967847,73.69264914694739,6.342107620863594,214.49364296697325,jute
23.330070940990304,132.04990923297214,200.87945141709332,16.003030904544158,69.83112433137273,6.414834949996878,71.17143721479708,grapes
94.27554649121605,71.99542960223219,48.55355557981057,22.604527489033522,75.64520946570083,6.370055193109283,167.83931464059071,banana
88.43769841577235,50.02673215563081,35.169596136048895,24.499757244512722,80.61302924399719,5.668935063072165,191.78855085479378,rice
30.914957455274124,16.77939852345643,12.861627908346279,31.447229631156,62.35443596945853,6.988283106340264,156.64436850866267,orange
43.240802360568644,66.93198473432342,19.402178660385218,27.749114160646705,65.31492752373323,5.642245658266152,84.68570109288896,blackgram
57.24396169681893,97.24378209552722,15.091929709705212,31.033757433583517,60.49312111413786,6.863039149454359,101.8407544734576,blackgram
32.33458760707266,20.53614447823378,30.157172856888714,29.891020629670663,43.006847699286524,6.631563933287365,59.32525952485872,pomegranate
109.51812481011754,90.69113204214594,76.21492753049709,28.551531870220437,89.29609152933206,6.365429405082686,129.6501571023939,banana
101.55917282644522,50.00542173916974,29.690820372622817,36.672949430449655,87.2029547233509,5.650581236723496,235.1441343535702,sugarcane
24.70982950959717,80.12818680299856,50.7493917351521,35.795819766070515,43.113457845300154,5.962140656232634,84.32816188894503,pigeonpeas
27.19923049766311,85.57355054005623,56.88798895342741,17.275599232558477,67.00851426916431,6.6466492935552886,105.45502996314345,kidneybeans
11.375560551241046,30.362621400757224,39.642038258834496,33.564851104664896,67.30812261803113,6.670432247663242,76.65501204542869,mungbean
10.682437609574409,27.605768261517476,61.83892974209205,32.63264566497692,43.31759031891864,6.441599103343399,53.07223992181288,pomegranate
58.02484191721103,90.34220913867165,108.23011293243641,24.77214131893605,43.41720159329381,7.8813114527693156,67.64701510846535,chickpea
129.5147807424612,55.02433791002027,33.51190329883798,26.285604596813418,72.60283766770907,7.49163012063681,152.1956721938077,cotton
36.39720632638874,48.69047503463025,47.46210393372671,36.967070220116085,65.9309879936792,6.413776143474534,68.50650189591012,mango
2.0452655242678874,48.1703376606124,35.69144874443743,35.00347807528404,42.037786126684786,5.662240528352774,75.62133759865343,pomegranate
111.20336094939859,70.84899261161615,49.12401511609541,38.833349772322904,77.7770454829448,6.569886436443022,50.11613484685164,muskmelon
98.25267282203849,46.830730400133476,50.68839581944296,32.636700777812834,64.42361752278404,6.917483513469021,53.94483839306876,muskmelon
31.271566855530978,89.42790021225015,30.80009924484781,20.291526987854336,76.14910311560165,5.9632978015182365,92.77857428275794,kidneybeans
79.93684935695096,87.62012268597337,93.19516581470566,34.7679656814302,91.40712820116906,5.668574462393064,134.77378355593157,papaya
55.66008390906944,83.75719272219243,17.55349548657496,27.46692625589814,78.53001238088443,5.54832304067556,96.2534943295706,blackgram
84.19290563763062,94.33165342212425,52.390583327407484,37.54075936490547,76.76790163019655,6.458251172232504,109.1011806882517,banana
86.73114354030851,45.093265774096096,36.46728894920215,17.459545301074613,73.00959996466115,6.255556819244751,190.64694733604796,coffee
116.28425956502511,31.980295324207248,23.72051334923698,25.775969580661037,74.24705630027667,7.884913657121835,70.1243065361114,cotton
15.422333876787961,79.18800650134183,54.35649304382566,36.12502418042292,68.68678591228462,7.198908094031953,70.60304887086689,pigeonpeas
8.567050109583473,11.201463367099649,16.510066762522708,13.59219062960532,78.39732293736985,6.800588120507166,114.38344709903109,orange
67.7495649090897,58.621530817761666,48.1852390335264,24.972356471545016,90.07551026608785,6.118128240457896,203.72440770492608,rice
74.51113745402711,32.79308303417697,56.91647273859981,33.7054347431233,89.49652185909902,5.8390297910487,202.38143619189913,rice
4.829534108359459,53.039161750752484,31.259630090305315,28.182036352804335,56.0124731282563,6.4164695286042495,71.4759399962472,mothbeans
71.24199000667556,46.93984201420088,41.39254568757953,35.4187950908984,77.84187153809145,6.750769649211056,168.8229445198726,jute
20.720417255043916,44.567449772760455,37.09829348122522,32.25247127660206,52.87448475874966,5.649791684003968,46.36962121284803,mango
108.20885582309091,38.4610371771392,35.32318631339169,31.757991771331156,92.10252108900896,6.490505142000673,211.89265153671397,rice
85.32039195629315,24.762102901229284,48.478193187368504,26.434819457252907,77.67604901037555,6.495766387913693,131.2473085012777,coffee
126.17170209299847,34.563128496668185,26.008085459208722,33.84476840111683,52.5039225496815,7.741316010496146,172.50449496181494,cotton
10.356170991725584,22.11306745458888,51.782545544515514,26.81954497008301,49.08325384815902,6.564941815767795,73.86499526678486,mango
27.441546860095336,75.43277806701798,34.255398197812326,36.63067911608218,60.232532025707336,7.165902991865811,97.35301628464782,mungbean
86.53467033593681,25.5337715317965,26.06881847474611,20.027191741571713,56.27875514050994,6.198896720464549,176.75611706720514,coffee
71.09126733153163,59.08753883293676,53.253984700833435,34.21348624033446,93.42241025641474,6.0978999788110855,288.2811352534675,rice
10.583884475241199,20.390037095299622,19.010730781341522,10.291122487577406,72.27248572562961,6.992286486219262,159.191440441907,orange
38.222410027839146,136.9228376904449,203.80017450901587,9.658054839646773,80.31186378130772,5.938044075905384,84.23951232958596,grapes
99.57290989900486,60.503048636968465,50.7109725841647,31.824261652629996,74.12354991038121,7.0599637826234005,76.43839995116683,muskmelon
124.50293873379277,56.210957803990354,33.09932638665234,25.928934662459042,77.07359921857525,5.9461764575827045,134.75544615668693,cotton
74.86385937006945,40.679180359537845,52.735383313931074,22.187115352186826,81.74108960760374,5.546002642021753,156.1093203478455,rice
20.604306918672545,74.36439771870388,29.21499289464096,30.429301359559783,63.94512407853536,6.966532653044755,55.51506751841547,pigeonpeas
104.85656281057507,60.10881560369917,49.28850780587269,23.493618599118527,51.516736641196346,6.815329291670983,140.6472110964547,wheat
133.34599847750343,43.213240509372724,22.558331233787342,28.14935835707351,55.83871510114616,5.926824680837854,107.94271703685988,cotton
98.59419123253083,65.22354789234174,57.983956240309496,27.829483696361123,75.23692248010143,6.792876302156164,68.63623089560966,muskmelon
72.51063086144015,67.22380858575664,23.49099193656428,27.809396501894298,66.4186988042974,7.255948640890139,93.40283450537251,maize
82.3951074977604,39.090785090526055,22.19587771305331,25.241383120576536,75.04638395665049,6.738980692019229,73.17470219002863,maize
27.740393481852816,11.588448302889889,191.9704018804636,10.756100328511643,69.10078743073825,5.721237819806683,167.7073712658448,apple
10.85074345932707,54.5973671166859,39.315632173972546,12.003657786595902,46.3637619616582,6.946189076198749,97.80296707421506,lentil
35.57141848297053,70.85254532900056,28.23023205798421,28.12537735711806,58.828223628370026,5.097053379551417,135.2355460387485,mothbeans
15.402322228758468,57.719311362845424,48.31128179345076,37.52460678524444,61.31054502136997,5.725006261053263,84.15522438243693,mango
115.31345962712317,61.11248433182483,60.70519313591869,33.668156221613636,82.47946065427303,7.447035718242692,24.413801252945937,muskmelon
27.598760485668997,48.85607394434585,33.347239529907895,39.62937655146694,43.783080879622275,6.0894382099550235,99.600708743178,pomegranate
107.02987041388708,98.4100930080575,50.146778364867856,35.99963293798588,88.86116707941405,6.1704155146589565,193.12666274013378,banana
24.171709857155733,90.43324120077801,39.414915806767766,23.619502791308825,43.7327013072164,5.8626271733051425,39.62864780325978,pigeonpeas
138.5606962847081,41.526201389574005,15.974900314372789,24.495292654709495,61.63960279840609,6.152054860219026,63.26929348594603,cotton
80.05102578502917,42.009720392919284,31.047346579686714,32.16507950491284,78.76357226496688,6.839180394980299,174.10193770677677,jute
70.51817654145958,57.600195632826626,26.028010659771695,24.429932213676977,57.90029348940159,6.40074187251637,87.8081664447623,maize
103.39311245223163,48.244227125181965,25.232278013344985,21.13144337975774,57.28554979542845,6.312840956130676,182.57975208943384,coffee
24.56174427890254,50.41050584882597,23.01353206622118,20.67887967378386,47.0018635518522,7.882518128355295,71.21561704261606,lentil
1.6988364195364536,58.501359415132015,28.37881684160255,38.24871651043128,47.098839289784834,6.4476462846187985,68.07699193009032,mothbeans
35.90035340433416,37.86831660135553,15.899519696905111,25.47424646460275,85.60461227700048,5.665824192462806,135.23078250057202,coconut
98.72305525802935,57.86858109034081,45.04553881050499,28.206562005470285,79.41920504869466,6.661913632637011,262.67657054310644,jute
23.639467398725394,43.58797188033019,34.67727967987964,41.910812697053515,56.38277275503265,5.167110622160903,98.4741357399692,mothbeans
104.54551611957535,46.9380588033121,44.29773260908698,22.580692848294586,73.25554294393123,6.182411235103899,196.14482921481365,coffee
13.095067204615969,31.237792758019488,33.61798326555222,27.177751510945132,92.57985731738685,5.20715313220603,267.54581972453127,coconut
59.249738215073464,89.65579889118999,92.98501466290438,22.398966511576596,65.38830647479207,7.798007478055528,189.78967624716591,chickpea
12.480052244338014,36.392945633282416,34.81601852423348,30.931708004474576,84.87198373070541,5.586779351165957,106.6835989410119,coconut
111.47903197524803,42.25527415412926,54.775305903303405,32.58713833888495,76.8104602305097,7.092922735189165,41.29074340583949,muskmelon
16.359460149353374,67.96970940981896,32.77446817634012,34.047992410503866,55.368210862280684,5.773813218818498,111.7859154062256,mothbeans
107.4947426235509,53.68854428383662,32.73618309146071,28.427463961133558,80.86338140024966,6.049528882323735,216.22957520600656,rice
12.943104161580475,43.648082895686144,29.85753190473779,18.405989551597962,64.36099879077982,6.3118370193256546,85.29637888369268,lentil
67.18572790915508,56.71581842219685,47.80777360662146,30.828330148878365,91.83756857911007,5.998442198929057,163.03804321311355,rice
98.43593352826328,44.86126951454019,44.886881470491495,24.22205468371702,57.63503443491156,6.419426930952034,200.65194707993646,coffee
113.37816859566786,74.43153604314907,64.48836253028864,24.44619385036797,75.99253082587771,5.715938204020135,112.78538179086955,banana
15.667328964671357,78.63486915630702,22.30733138334175,23.355297453226,56.81526202233919,7.165472288163952,91.79639754319393,pigeonpeas
67.10017145540324,46.39619558785153,45.19406856906852,22.60599542319653,72.1561681368156,6.675538721724396,59.22381265668197,maize
108.67190866797483,83.79664083675486,52.99296438994219,22.40594380867705,86.25225421947776,5.714753665825083,183.44737434626285,banana
120.41729956016928,48.797775332796306,38.15956516825217,24.305857510876223,64.30530404953451,7.312988493347233,161.178974077752,cotton
92.00908446165545,81.24437690176622,56.32887290352928,26.38148030558815,76.96984874646476,6.31916450009623,199.61452421241918,banana
113.48959998061838,62.67188309048688,77.6937403068543,37.78106947635221,76.3285226073762,5.791272522255737,137.2400666035356,banana
64.61603018836959,68.2622100807686,69.63928231643524,35.43461130168112,93.44717440237208,6.313538425738482,176.83999289487798,papaya
27.20548397998096,76.04859310845316,51.82253450009078,33.74487846493391,44.01996043617012,5.221297631407669,93.5707760259252,pigeonpeas
37.84938187904024,103.53820199453911,201.65457382890096,16.44177430744876,84.64041886196264,5.889389779666874,123.26126992403988,grapes
26.160923106350417,18.32434062064629,13.59318578059824,27.227727037170602,72.60289132146775,7.288008082394244,111.7475898876493,orange
23.484458955562843,42.08356129863005,10.042546604017463,32.279533912895964,71.81310453217282,7.172048964775715,86.14783340942756,mungbean
66.63790421731244,73.85809166938073,45.0995464932793,15.959309358405509,63.91886097338661,6.22487614102316,72.92513952326415,wheat
67.62363075911308,45.66729780164413,53.09980659295832,24.80567335745896,89.34335713728501,5.585347464993768,157.75225817529116,rice
69.36915584197142,68.6388891538959,66.35695767640605,10.406439887552253,46.659164857988486,6.346612194882107,117.18927435987284,wheat
98.34719626893002,64.71673178080088,33.64219566901578,24.187152342951002,69.6653974077076,6.833728515092209,56.98256273781564,maize
11.250400815218985,38.13743299031341,2.141786035706996,33.34835218671701,87.98166700755506,5.9557541542454615,144.698862851168,coconut
116.48788852659152,41.58307913402323,58.83571691471742,33.76955834542883,82.93686702183945,5.5693613008751655,165.11670020661398,rice
83.1052701737769,54.368349879307615,54.70656679835457,35.66905008996813,79.54700796244802,6.350819109335015,204.38396948386418,jute
64.42779388412393,46.61562853203962,59.079076068572974,28.800271974211935,89.44097957202894,6.195748688984617,218.181159715166,rice
80.8087008059119,86.83040086846135,58.77129112480965,27.5481611507211,87.93606528439634,6.3542676926575306,102.23017048986436,banana
31.238976028722092,44.66668711498532,39.33687963358379,17.819562486129932,44.51345652319649,6.931933496372274,77.53260157957078,lentil
36.48556477153261,94.73861364849475,38.883113387200524,29.255729140591153,65.07419108853509,6.846398745289488,48.560430155190744,pigeonpeas
36.02311194602315,70.58364139074916,28.40211680717221,26.758753932698227,70.57617365694321,6.521466893817646,93.15807490975163,kidneybeans
29.98503008596095,5.435446005103768,2.665119936414988,37.61727497954348,94.35487653305663,5.120873089881128,188.65068829499245,coconut
102.14789823264624,62.385947339476566,40.39083389676735,14.896919623659878,55.53134930154134,6.13179974871725,85.06269312091808,wheat
104.28201698558223,43.31194671700506,64.12608437865552,13.680236645219814,51.678868421259295,6.43304060515605,85.56727164649492,wheat
26.394416986797083,139.06441719401784,204.40625340840944,19.906341827286674,57.49772974151897,6.224557909158818,81.15122990139861,grapes
32.8735729101161,45.85239734629525,49.42026403119274,26.92524889922042,59.505614993369605,7.464965161202496,94.70911417236681,mango
85.512810268154,40.8987723328047,50.74709437539784,18.124513219913005,59.00434659478442,6.386831528149804,63.93560740728241,wheat
102.24478608595342,36.388924845267326,34.09114426760309,22.189080653682463,85.25881338209895,6.089917686854633,208.83660676495984,rice
110.66490660697944,74.48715030232584,69.36498174627874,23.66521530269195,86.84000223510829,6.032330602587103,129.2290172709253,banana
34.80191986425567,69.8506424532882,24.38076723284117,26.222290117177433,54.31347553710679,4.672107652064328,126.60799991182212,mothbeans
19.07933570470615,35.56834474493755,56.62273606111081,38.40900266004986,50.07449093924603,6.730139508029396,95.61445372875184,mango
78.55926792667549,44.74836382036446,59.417046811821706,27.79104653702362,71.34468360181123,6.59484737950191,260.8300015699549,jute
86.48733489631509,59.457695485674975,69.54156157903631,38.00282819540599,78.78777823987281,7.003580272975421,27.57700835507414,muskmelon
34.2297880472434,39.40920845839727,16.35944562397784,29.422928139791097,66.36265062666982,7.156527749078009,128.90739828816936,mungbean
88.23549243066398,22.867454748052374,58.619478897587975,39.091133595095215,87.95194274261473,5.913743750844576,61.49314247458437,watermelon
33.95764283783233,86.03533940495478,27.11193354260995,20.922311740635646,60.488847806261944,5.627697560073363,64.97691706103373,pigeonpeas
105.16299837345846,46.344204211722946,75.23483036795713,23.07765291617848,40.87741849103678,7.238725125847144,62.88698674734452,wheat
86.98707892927935,37.7849004728306,31.03278052631869,22.969557030347126,79.82613686700623,6.967228761122804,88.46524468206698,maize
54.795545025924994,82.42670795166711,86.26948008309162,28.144913831675506,92.11687462383375,6.424336377410429,142.87251417514815,papaya
102.50105182971383,43.768215497904606,41.98200424358495,32.887512421326676,81.821791714952,5.162298357072478,242.72360652651807,sugarcane
17.533311024574154,39.0693934541337,65.79642570258663,34.18078499862865,46.13400160592727,6.899022853540753,58.514501134323496,pomegranate
30.367309266706414,103.28043033422448,203.13416452207534,16.608762838435545,79.11080355631907,6.317822073566191,147.89473558546618,grapes
43.54089260858914,80.44995555259642,64.4105984224053,27.404635592733534,83.6132823226127,6.298465395069866,107.58716412240476,papaya
31.596480068113813,42.716585041866594,41.61926422435775,26.153149052066023,68.0786546118581,5.747111557544908,42.950529187405394,pomegranate
111.93042755363882,54.512162128478394,37.7370848113482,24.221538636070857,90.02964829886646,6.4293759891275855,233.51443395208946,rice
24.202859407230672,37.54517159602173,41.2930540292777,29.554448302982532,41.33185794907981,6.726298623937181,109.29245135679122,pomegranate
21.14004775103868,126.45093022172581,204.20174088794255,8.594939275571212,56.47013934913821,6.072770276686946,131.94956853860523,grapes
9.031582086025164,44.664879126611005,31.210015564153558,29.892553811923804,54.05670983773404,5.795916668218812,99.07926865545038,mango
30.60446041759399,60.56050502662883,18.773363829921877,11.465025699393692,40.34298030016612,6.854901066484971,58.72363160350396,lentil
54.34359091241072,91.42692879635247,23.545617758549,28.978769576810286,64.35598230232843,5.9908000330583935,112.84954300890621,blackgram
80.93209599257972,77.18116576991304,73.22477631150917,24.47540365999769,43.728916704566345,7.096301212805466,143.83404568210378,wheat
102.70010186735288,45.561029831417855,25.380940460366315,37.61879509032667,67.83258761818661,5.807202004723182,210.68274772519092,sugarcane
119.23656775889667,34.512506733105845,47.82392146056405,26.95158113620328,94.54871596721905,6.3421189231357085,275.74930570667067,rice
83.11228201004339,74.64406181511339,38.68318564858464,31.079855762303403,82.38779938733003,6.411190475869491,214.1229681135402,jute
31.5847393345241,90.85424734598247,27.374203941908362,28.08200473823079,66.473255620716,6.22196556783744,109.66629069324816,blackgram
26.865716858197807,45.5665846605392,24.63440445422797,27.81761471268208,46.41768611499153,6.835712373044263,50.42762313017771,lentil
16.725263991744907,28.220313999584402,29.86327477866957,12.652301248698802,59.32212751939434,7.4255696272231395,195.83276864813868,orange
117.90260505296172,40.67395591271092,50.731488017110905,33.452872536286655,81.64347471328716,7.382557857813596,92.89812095052463,watermelon
68.86047119373694,54.40632847502789,92.31590063904369,35.984511559122716,85.27366314256633,6.7304394409137664,140.4109847742957,papaya
24.388312771138075,91.92186331347281,28.548518994103162,19.008109151348535,56.99762965467645,6.272473605543709,79.30965049014479,kidneybeans
24.959441891485767,72.76381359491953,55.48567994776575,20.886399225349205,44.0915617880103,5.206011086460111,89.01769696034819,pigeonpeas
26.42505773442352,76.00581869138236,43.714080195688865,28.842817312820014,49.10452625654682,6.3976532194131295,76.86490035854862,pigeonpeas
38.66233757522176,57.78829526689927,40.04634870410955,33.56280904418142,67.28786173332833,5.512367645281794,88.64101422025551,mango
102.63554420407036,34.622104927727165,41.582300262504525,30.448620126514115,79.47461894492618,6.896141092806803,78.28839415097616,watermelon
125.85834966551722,59.225833314490714,36.176520674597484,24.377519434328466,76.95681814024518,7.523036509256977,169.25265729993725,cotton
105.31622522980848,35.10853934540939,44.78202890757585,27.38433705204463,76.26234093228929,5.572320761049524,65.15641779726643,maize
13.683800230377031,53.41153268317882,39.710809613480784,33.87116182441245,42.81390847721492,4.159024033984123,98.19442793927207,mothbeans
103.55879459911773,62.7114131942778,26.40534098932016,24.070232315421947,80.221090840336,6.965603089532501,77.11186027459242,maize
60.2066284609093,87.40173696707944,56.94799526244581,28.7862071946484,88.29440237594181,5.747101013331586,135.13559346549266,papaya
14.057666938827339,16.684003510625356,31.335728194634296,27.257201106264482,67.10677911091845,5.858479881633515,54.45592154508488,pomegranate
80.11183449875406,72.11413794392045,40.18528092018411,15.002487575367162,51.9450608077283,6.806093404406885,141.98556164127604,wheat
138.05692883382264,38.91872370922001,22.762009582474263,32.78757963295496,80.59121945725666,6.297009640237376,140.1103041786312,sugarcane
98.32114466335474,27.699416215582872,42.56342998090925,21.66737164996848,63.02136356874609,6.2980250578804755,249.36016780769845,coffee
60.661875865718834,46.64615992719046,34.44032454905971,18.23030732187668,62.79439626235103,7.02057964624427,56.855485286449955,maize
6.260315963218259,49.99572779469459,29.770367078616523,36.92546430961832,59.727971529706,4.824520229867513,101.81849423431098,mothbeans
95.91514349909474,98.1206470416177,68.111315086639,22.67209227870099,88.6030924772858,5.984472809033193,146.0326984777833,banana
65.94933929781592,89.01564984635777,108.44540699208045,20.766430996010744,50.6464857661459,7.689063834020857,118.33525326040132,chickpea
98.75503447989607,47.12334914006736,40.68290177693539,34.824698234308734,89.0866222903533,5.737226791735995,165.26737089306056,rice
37.40286011103474,95.69704710144157,45.74961833508986,22.882338453139763,59.941792630895485,6.970000623398997,79.18174119997502,kidneybeans
90.15822558631153,47.30711653879077,44.77553081456592,24.538158841374578,90.83678172892257,5.780772362440856,153.64739496471807,rice
25.13345461194615,63.294822526333945,39.73807332870511,40.07785073739193,48.216863549618196,4.614757522737605,79.68520342799852,mothbeans
32.995757793748844,93.35237235491448,35.80162142725994,30.15592358660058,46.83059877788796,6.555494115700332,30.849622082064037,pigeonpeas
129.71525974671755,52.13752180062076,35.6434707250064,25.889963351336515,74.2778234607532,6.841533216926715,187.6673364636139,sugarcane
33.157195647720485,4.359999594519044,4.324934099083841,28.84591223764786,81.47986065099214,6.2381861905422396,128.73832145234678,coconut
21.41391072246627,45.41293386833284,35.89460900868633,28.17618793078629,41.24491976529719,6.144135070391459,73.5846796800205,mango
2.5694099222968347,37.7621552098242,29.684491435094962,25.38866181719928,47.580388832180475,6.654383211657826,67.59845238007179,lentil
58.0287194212859,82.55269922300684,81.02170700328927,27.842243588939123,65.02629188395233,6.634221825159722,99.26018062030076,chickpea
82.47240713084175,58.52142919229749,51.95981825434215,29.782560294561478,82.34027960663654,5.655994520336202,158.71254182522992,rice
32.640475626044235,76.6736395973779,16.603882625072924,35.87280080913112,73.79982392708612,7.069759249567689,129.69115657426298,mungbean
30.481308841562043,31.495167617754202,192.03925359695575,0.8022367942373192,61.0025622927782,5.7370703911741785,144.7272968157122,apple
10.481400180274981,45.26869225581585,194.59101057033064,4.71459156534686,68.41537835023172,5.587717641719964,139.15370996016293,apple
27.138541963086425,68.16063216476749,25.330142906337606,26.448666370051825,69.0343641097457,7.694314914006215,51.683099428103446,lentil
111.74182252480472,58.485618709729266,34.41220442787114,34.04563912709943,87.38174439619307,5.758244388298959,218.8703634357392,rice
14.650120239938968,24.061940255188247,24.252677894981282,27.84040486462117,93.56710890921931,6.006456690772235,192.95684118750017,coconut
4.043059694869706,62.07681569023931,37.45230295836418,23.61869081225434,64.67266930048832,6.432981134532235,48.450106564302075,lentil
108.96116755091685,47.86423882063656,32.91607462739111,16.548828735948625,67.80982051830267,6.174415953729315,156.22373865249966,coffee
35.431510814164426,97.95035433822173,24.581088844338566,36.01160994531721,70.80131430568343,6.121415271384824,147.7182906594996,blackgram
6.1452608157306665,70.57600445557225,34.47990768289476,34.605302071403884,49.36452808185265,6.164977444107866,126.66978238334825,mothbeans
99.29424834331012,68.11465776200406,42.720409278096824,27.90683695035032,66.4369446027855,7.107226132262534,31.348321779604404,muskmelon
27.157816971226797,29.003840755906033,38.60126491639675,26.166357739921146,80.27684628564533,6.091216928854301,241.3581008793629,coconut
5.578009448206407,42.7682585251771,56.03938880192709,33.746586359198474,61.54042534381004,6.244087135624415,45.546971022224,mango
16.475931904397463,42.93536066608034,28.104515658586678,25.678847217515358,56.704345212175376,4.129216981815698,82.8308710357912,mothbeans
23.85640106338585,60.027865111812396,39.63221311284866,39.128434925062116,58.23475416554707,4.263020262732812,127.25264231625944,mothbeans
67.00492560521413,66.91058457649866,36.615127903069414,27.836697949178237,87.4814354661037,6.2496689527402305,189.48710197770168,jute
38.20392248289393,117.22750276457958,203.1531764749154,22.624852891292093,68.13295164964386,5.81037088910812,126.21296204503246,grapes
117.14808083945735,30.875092909357935,34.426704398090266,33.61164215211389,67.96256558995378,5.577769877818332,159.67549382532354,sugarcane
119.71458337789787,42.12869241764607,28.273441960302346,33.5221067984909,50.29771463383507,6.821009350797708,194.88989372426235,cotton
21.770156374034517,78.25992499108395,37.73452766289978,27.880934051103473,49.4643005983621,6.413888682285636,87.23662982286027,mothbeans
35.82979061621323,98.69677870522136,20.424679916325292,32.81789074876109,72.19962985628943,6.340710223260253,141.46957435212147,blackgram
72.09763920286467,46.54623771462818,46.570631917239716,22.21862080347073,59.955916620886,6.784598137153679,85.88304841235025,wheat
25.095020177414487,49.17679492551409,48.57611625282584,37.619958156616,55.23352560853363,6.243760046656036,105.12964452251445,pomegranate
29.19644861818358,68.40740414486174,54.61663527153775,21.267282091593806,72.5093731513916,6.32204960833239,82.91230513407002,kidneybeans
116.36808544825948,44.588746086429346,46.64574048983913,17.589855915881994,62.10460739279322,6.144484262460529,156.55808965025483,coffee
38.971929288265294,67.95819693169766,25.765550425640054,32.946971721720026,63.570658090794296,6.0642209650157355,96.7838013124715,blackgram
31.920871909552943,104.83527486830087,200.08456399960804,38.92519053093024,63.08890026301548,6.319677002780459,149.93503004722004,grapes
0.3696635362205747,26.163140980484254,13.523888123284951,25.155416055519147,63.47687652306982,6.878228907472553,131.5653626982324,orange
65.04640836689984,51.0290739437736,32.182890190925804,32.68418077077463,90.59363340734744,5.5813487806419,162.72565711277878,rice
62.08889120695386,83.04869103248379,66.14505342889505,32.21910927741408,85.43385627470168,6.1073662214047655,119.83725398477013,papaya
29.67754529128518,140.3889546934938,204.5388062182509,10.972171467616851,83.09479993930677,6.325534841520415,129.1310714312667,grapes
55.49927301328786,99.79955254730527,22.622359598402213,29.487652403517195,63.71803423112534,5.507199737226056,100.91136924888792,blackgram
37.74260868627908,10.837607876775511,20.061366452640563,24.60561972079295,86.80787944297096,6.073737785432141,157.3499584935216,orange
74.21223353846892,61.221020609754476,28.244181066444085,27.871371822164143,67.71214760946289,6.835099798582941,54.77676569173341,maize
115.51489904493995,47.223013805093345,62.717809222105174,23.73232446382063,41.01837935757396,7.046130400870259,79.73490073725507,wheat
92.82144667225982,69.77677015253303,78.84879647541977,31.5705048504647,85.83100199916721,6.8487946103394295,29.434139905654007,muskmelon
100.15279690634333,37.40471607605707,33.52260140380179,29.06032239566891,53.056771641980404,6.592514621360941,97.85506009383357,cotton
16.92453355563345,72.4368163876984,14.175898402506569,32.54284652797703,77.76215838022944,6.673539646898891,124.65666738033929,mungbean
4.67216430935808,20.926384814797807,160.4759612156266,10.927889995406453,77.25312643616795,5.604480316753958,172.02679239473957,apple
31.439653706880254,94.84057149574997,45.81962156665412,29.19260557194518,58.44015758136911,6.392979318674342,101.40788087621353,kidneybeans
2.3991708876606577,59.518305591629954,35.48123413892232,27.569753289199852,52.23063189229548,4.2183943386034,136.74041132245674,mothbeans
17.751343171293428,21.417060510886255,20.541418770269168,10.955069593934777,74.60859586387656,7.242064928661378,115.75005480758038,orange
4.973812697696429,14.285436186205192,11.289813609116926,24.35733849271434,74.88117917008037,6.7586134475331665,181.7102133002615,orange
27.59914449563484,68.12640153456836,22.702193738227482,23.085779680544924,69.5314393785581,6.171367374478681,90.71418532914788,pigeonpeas
6.250453592454224,51.421035307823985,16.912659154430116,23.38726266914402,55.84175265676374,6.822454725263321,48.81579673168843,lentil
81.40519960161535,38.42803529062142,46.28088249474746,23.832014924671913,92.0329547113106,5.574550643679771,298.0330404900776,rice
121.53327773022853,38.065605431465805,31.053467597497367,36.6394991589912,81.6615761881709,6.574774053504665,168.15181346014828,sugarcane
14.279297178746555,45.38976564416118,35.59259414561924,36.240541549674354,56.37087906439078,5.908128777093201,57.51467040986844,mango
113.70706444239218,55.466787286688295,38.41800754280185,18.79982448672828,70.55224065835613,5.800338001634083,86.87168843607428,maize
30.238772613638556,123.71534310616902,202.80797253856096,13.807666014411165,60.93070909343463,5.818817322873005,109.34964158218514,grapes
37.88350187902222,34.11635245698742,53.16290110743978,23.56562692245396,41.40093453655339,6.917782869639317,61.961468119125776,pomegranate
118.31983036014286,41.94015878863509,22.572893220829815,25.051117743269852,56.847060904810974,6.342527996951654,127.77078975942823,cotton
35.20610758916651,68.66524950614436,21.262842091612956,28.907684596151938,73.13243898946259,6.878278076888364,90.05953741052724,blackgram
71.94712423630529,61.85795269143046,81.09790749141273,20.969405646676723,27.645883995005832,6.377173279282645,199.7444633049451,chickpea
93.38974127197449,80.37155962719704,61.293909118185155,26.282668156311082,88.67395329840411,5.868262789871913,104.55501559653526,banana
101.62210701555696,28.328192210088638,77.80068376993975,34.77775731194712,61.94697838615228,6.431451155334996,54.414701107858235,watermelon
117.36131964522556,40.65405122229561,66.31799644818369,37.18234210599463,79.4255938671049,7.4378887943485825,82.83747687188628,watermelon
21.988690206532443,36.686571159028084,56.33248214587874,28.05991905414081,64.79393828476549,6.615377382370905,43.276618192808144,mango
37.54355432709186,42.67781154542342,29.62918964602168,11.44058625578686,47.26989434361217,7.547358692958501,67.00800975751739,lentil
120.59733399653038,34.84088403166151,22.506630125320694,25.248676563684732,69.14370442413052,6.781711069966294,136.23052625525227,sugarcane
27.309753585081644,67.62868318556434,29.903749690482776,25.682912337113102,64.82442879271018,6.720235430978008,72.00867579576476,lentil
17.92643493476008,15.488252632713635,17.863408691285283,19.694108213243744,61.47467499931176,6.40286940649945,186.10629364797194,orange
9.440317212948482,39.22058616105306,152.01626198604754,2.274443304830255,50.20364522070769,5.652943186475426,106.89900087104594,apple
117.1968705258266,31.803336514395607,66.45864821294607,38.45237795582263,62.956405542388275,5.96415715573233,82.53400037509495,watermelon
78.6003807010571,73.89551722285495,31.871822057948318,29.358627651017844,71.3403307550242,6.97534313347907,272.5460860907755,jute
1.3772523429325823,37.83302199308065,54.49965729604871,38.27858318061348,42.601197027869205,6.576726204202045,94.79378117675623,mango
113.40032050905398,40.13985470554607,41.26748857919832,23.221765217931296,88.6742021149426,5.535942273796742,219.83970271986902,rice
26.462904345588345,124.48488807727608,202.75856186009983,20.123003320014217,68.41908268757803,6.465517918234767,87.73484772303115,grapes
19.280693591077302,50.31106241500632,38.45755066791755,29.7705941754178,67.7392537338591,5.612448589701945,69.13805790480042,mango
89.32000428890493,66.34645419759067,57.946647429284425,35.67275322488883,81.33210517810926,6.657030498234107,284.75796998760524,jute
9.66024907424245,20.194463432071302,17.59919904519505,21.212130700065845,89.22592878256198,6.525408556003992,145.21829393601078,orange
74.945352905388,53.77772468813848,62.33442148719986,35.42978424436577,80.23619844068273,6.814470954873263,129.79797946622696,papaya
112.95990607519913,26.122629834672807,34.07122242554462,25.412203380038594,59.50396619331548,6.054931556870391,232.55259515319847,coffee
25.69252927048096,88.06397399598387,37.384094748719676,27.519251501208128,62.806168735874806,5.437092288665528,53.70101803591015,pigeonpeas
15.952021877371491,53.62301644269738,24.748400345209923,25.239644726109645,62.959094775479414,6.578154818560742,118.3730693510539,mungbean
21.345154433587936,67.38729104663139,37.386879409187024,34.814112529939095,64.54252731183732,7.088307747437706,88.75816674368332,mungbean
53.72462065668038,62.09528862958789,69.92510144019901,25.287593661248472,89.31244615240784,5.756417340351379,104.39046136306372,papaya
30.889611035731065,28.92852747537595,180.88634620308972,10.951822171737565,76.82274107773537,5.99786918051432,184.1808709028819,apple
108.58809265529031,77.50818461517471,76.49018244404623,39.19113427103247,67.34146791071103,6.197347959959032,38.136602029786914,muskmelon
100.00538772017941,45.3338741771169,16.17129771319008,28.418712925134393,71.20929462367148,5.937917167568105,177.50738892984032,cotton
107.88096664017198,30.88948521211615,46.3783866847102,24.429830803053147,57.81476166322986,6.203889017203081,232.95705429402125,coffee
9.605064818060796,4.03228788556341,10.408454717430144,24.83269271245436,80.42780037257972,6.818608292812099,101.6446262777783,coconut
4.342525788112375,71.66931571998612,23.415091019923928,25.624035707678683,43.71149205490096,5.795129569911469,90.51260733368599,mothbeans
116.30336834295268,54.82556766318909,34.11319486636794,33.176463223289176,78.681414308358,6.241043934162486,75.296989443347,cotton
93.13020357109349,14.513621780675376,74.80099702080662,34.1776901542979,64.94192688243186,6.359662515026005,57.23546169262406,watermelon
11.75667042019735,37.85305439946245,51.81055581042402,35.393803438371826,69.621054169366,5.950322048431864,79.73907481237495,mango
35.193509917658716,45.94731813429458,56.977467548676074,34.35257966871006,43.938639160144724,6.119383422210378,52.10769689514741,mango
67.59584013253443,94.19988884355934,60.34931515000598,38.77289737692554,90.37950579924723,6.968284022767352,188.0251773281687,papaya
81.88244791507789,66.7418678045594,74.51083109836902,27.44353981716091,84.37240972871702,7.280093600305412,74.86042655998901,muskmelon
113.03552905707258,22.140156365918088,55.939150484368575,29.07060822109671,74.02162006343777,6.071159232477273,97.6966865352668,watermelon
102.67894448101086,56.32051359398516,31.682148169366258,32.04289253547832,89.20164530126897,5.1331294558284455,197.24770111781433,sugarcane
118.62555901067202,31.806660083189467,23.921519707692717,23.73221517017279,73.23274501193015,6.287530286729408,131.02268397000944,coffee
34.30706425000411,74.91239956812822,47.187034699625585,25.694382233392894,78.06026844190716,5.597310456752661,71.53750339386478,kidneybeans
25.828045325764897,94.03625288603999,38.33870440582895,15.359939187001096,64.83758753607937,5.626815003070185,119.12068312123864,kidneybeans
47.025058622720096,71.06884706069275,89.69179560743082,31.97274705556078,83.43807750507621,6.992739115300182,139.9109299557426,papaya
102.31059036392247,86.05344423200822,46.16302929892334,32.34456158049172,77.73977428115658,6.250523980696749,133.908761326268,banana
25.002770073466998,35.165023890663996,15.92943343358846,31.235215430593847,77.75177981437716,6.766390720631097,118.15350002084708,mungbean
8.686213339642599,79.36999065965162,36.833504185429774,38.413083037531806,46.60430450320055,5.106894958541696,63.71031880743286,mothbeans
91.6630707830306,65.15252295051953,74.21257857451754,31.39864262068267,88.3363859737344,6.437827206992383,105.36283903714492,banana
75.02868146235758,90.07084054543137,97.17140536326427,26.47741962519105,76.62808153614348,6.242583918481877,184.6534493123405,papaya
36.19752830077139,83.37879726578453,35.62248409708127,16.643968055026907,76.86335941300123,5.5532043780124996,111.79124090208337,kidneybeans
67.1820744914074,69.4468792993151,96.38956804473185,22.600676458991973,44.04770315005645,7.644073775668944,113.27925861261028,chickpea
7.449797531990989,19.41379588537672,33.20708971998349,37.20978839588624,89.51378980177306,5.707811334423634,220.66511312891967,coconut
39.36659837932859,0.7960593496031132,27.9610965616838,26.046588888900594,80.60731736492457,5.805779157913261,287.043562034175,coconut
107.78167896149097,62.21935768271643,51.381624410882246,35.10768922944163,76.1984053168704,6.355485954695958,109.18960920771062,banana
32.90143779350688,51.46713916853872,35.84897818736642,26.959521294854113,65.57675167155216,6.29349236158399,71.08778406073522,mungbean
24.38832782147039,13.929653048058373,15.02860304374927,14.339303603785993,88.31341217794012,7.281926194727753,123.04948373515208,orange
19.968460141330667,23.47859151387319,41.83253451005439,19.608673896900545,66.87157524244004,6.537727879187576,48.513270977375456,pomegranate
6.575707373136566,26.082184921222634,25.839220289334314,13.179529730422173,65.9423689657651,6.255228961716775,125.47205004575488,orange
65.1473733369842,96.58115054547454,72.53293582730475,18.654915188127674,25.65437682537582,6.755277139995703,120.15811298604237,chickpea
24.127734844963616,82.03650559791544,24.429724807647425,19.332766849974472,56.23664165789433,6.094845575195621,66.67299450013292,kidneybeans
9.111133664712057,21.677165346160308,17.429266786689432,21.222793064819754,71.48677286416115,6.305303283722707,115.57516228655298,orange
23.11703073102887,110.95491775444349,204.21096865436556,15.11640657836309,57.17566950863444,6.20328005404225,90.2526355490142,grapes
93.65627829212318,56.29960807975035,42.10448598637191,23.74219796985833,80.43174014470009,6.255137255673619,243.04643270301972,rice
26.562964847993364,20.203488896855927,156.3516787986616,1.404878401921203,59.16240495628254,5.657661026796908,117.40104480161241,apple
39.68178927933029,113.15120305327245,201.47408619173385,20.05463910017265,71.93782243870965,5.752322744263745,141.5289940379274,grapes
10.269664053661973,34.035552084234354,28.16710821681791,22.237711731049146,59.2879362448228,7.722260486089563,64.04980845182502,lentil
100.31031352754275,24.151147841616698,49.48218622731158,18.249647581294788,56.834101686490065,6.331573124487605,189.3049555235309,coffee
26.299762370250043,47.709740288494736,26.050079207028233,27.240105106149613,47.659340221286264,4.110945923369832,114.39979536304735,mothbeans
32.89058193447002,38.42845721960564,28.944207013982506,26.11363452261065,78.9373479499193,6.4917238871803615,72.6464691677395,mungbean
105.27257244508094,33.09371606507798,57.076587200386996,28.568280841822144,92.39686199161612,5.820049601030612,284.3284842744301,rice
110.09581420795794,79.37608722814208,61.02760729210743,12.575189287724552,48.16921979558107,6.0275860148212,141.4298806560499,wheat
8.013592843857694,18.440267668301043,184.41464992136275,5.273346002649525,63.160150904091466,6.282001825593941,178.3952518097841,apple
116.06524917945441,47.047719456585064,40.36392725123104,25.206594815884614,67.51076188712567,6.838630832727003,93.29633179069036,watermelon
94.87347138265677,11.033558888800448,48.87117967734186,36.48753821408248,66.03525696866639,5.660126805057931,68.4671907906714,watermelon
38.723531283330104,142.33378866555074,200.87390642437467,37.74128408832324,77.12294324281366,5.752837400690289,56.72846129215146,grapes
29.443285773483417,6.085915476780661,36.489184879984,36.284735033438174,89.80851719553885,6.3444682996012105,101.0678283939377,coconut
37.817968978942275,76.59513422103016,25.381696032206566,28.974873332865556,69.19174011758888,6.386557912195616,113.63443153180893,mungbean
87.81690346553395,60.44618349247322,49.69302920985285,32.860415736326864,78.46633383201853,6.009003445482618,188.78181149649987,banana
6.805709607086317,16.32209775881791,18.4898566535307,17.733105608955572,61.22542319506063,7.458344563824536,115.33648274157457,orange
98.71045861078248,57.58961946031634,38.3510544498797,35.377811563719426,76.52507836082293,6.299383373705348,184.87589883117468,jute
65.0779142096702,85.6546727690121,124.1894261095199,21.044996385804033,54.740475313888595,7.1731547648884355,194.87507297177888,chickpea
135.53614689234723,48.08828629438385,35.66768399353718,39.74421061136743,58.65216313456237,7.914498067896705,114.52746528633885,cotton
105.02200859050613,30.50842994668743,34.253955293927405,36.91448859783812,53.606216873617285,6.384282232508934,62.45733087132805,cotton
90.49664326784858,49.670580299187264,59.320564513758015,38.30247309203439,71.3504274504794,7.124588620175315,25.809123859233118,muskmelon
55.32405734362338,91.77853549822802,98.36066034041342,31.579830720255618,79.83382096869404,6.769826163729794,142.69053206363037,papaya
36.725826262049196,109.69583082740785,200.60240911219233,36.95226384452947,59.6983844467795,6.474760081336195,134.2538229398637,grapes
22.714917061998023,143.98471828918056,204.82176617017993,13.566784567891812,63.9826937440932,5.600154997506767,77.17175988981796,grapes
66.18089076043768,70.17438155225527,100.239131469761,15.850727074233383,47.34510353326765,7.339478324878906,117.86375859615544,chickpea
130.0698796958336,54.090062158735115,35.540241992138746,26.824218736515697,81.77893683449221,6.240947570103941,211.3379780798631,sugarcane
22.4646463916582,38.59423896801637,59.124179694709696,33.99692292714453,66.12431274326855,6.805158187516156,80.52555915849024,pomegranate
28.26118529212764,70.4200801766896,30.463560196790013,40.71204091384026,56.50077821246723,6.031654896996897,117.30091009630523,mothbeans
36.68899914695526,90.10074642281448,38.420366396327154,21.438161693125494,76.92016896706306,5.932687525627193,74.94119772640624,kidneybeans
3.70304268208395,68.50418737018933,21.39163567087158,33.43819433192722,49.45413797272578,4.432110570674723,137.04051699420998,mothbeans
39.949094672018745,39.07435624293493,13.611488943238593,26.866507024831737,73.22054116468735,6.861440838450775,134.7924162278411,mungbean
89.24323411497986,46.921571523911446,27.68574543318065,17.86846377508273,58.45313232850618,6.429555878823458,175.008738878663,coffee
89.31859142427994,70.81629671231173,67.33181506426021,16.688540595651226,48.208799988449975,7.495686750236567,92.61813022359729,wheat
28.223831591059678,7.632379657852284,22.11367183939073,26.051925808644015,94.33432069672034,5.057262387671305,139.9456560222473,coconut
28.202531368215165,28.03946010593375,155.0376421979788,16.98054765547303,50.93524727335764,6.370196690492242,113.86525291133037,apple
101.82094445971609,51.07452251961328,40.78473453659265,25.81669397543841,92.1404173321777,6.310113394679181,280.0608477870155,rice
84.00927512705144,97.28646876854529,54.981446098041644,23.2924674219895,80.80936760512995,6.1002025470925805,151.36526718213295,banana
22.942531201068398,33.66564450762407,49.45393670700712,26.02661063863939,66.92191954964758,5.738762022676394,59.670570273149096,mango
102.80097515307315,56.856205130615976,45.35032326346998,28.917475308449102,81.60758017009664,5.947412366823455,229.89258996825347,rice
80.10713125554851,69.74033025166432,46.43039584193233,22.26950536178593,64.96402533873226,6.761201600641254,50.638587171683355,wheat
9.869896826695236,19.001905371817188,10.442689020589942,26.017755618180537,66.55704232210356,6.405087699152333,120.68371106166084,orange
35.73446029467082,122.93767338796809,201.5003354145272,13.142985671730981,63.540242165393906,5.875971221929139,125.6310096980294,grapes
36.5810419519581,86.71091697644344,26.362234871101784,30.449600094519546,65.94601198451278,6.205812229068963,59.32139258926985,blackgram
35.21465423572745,96.81084790406155,37.09975487977281,26.570911773899553,64.06663956913906,6.323707205948486,77.91143339242379,pigeonpeas
73.73929971257144,74.44890940937145,88.23413053401444,27.863296906498697,35.605920040929355,5.638716635679291,114.64047411750673,chickpea
85.89812037064718,42.9298241642956,72.49269330856475,36.28613849818014,82.59938795637771,7.074488015214042,60.16312542019215,muskmelon
26.42909572436606,48.02425486319491,186.48392068236205,1.2491001301471547,76.52735521786863,6.362675162945726,144.33203207726987,apple
45.840676223684326,64.45891269282215,65.48826570714517,32.82826692891217,86.59261197315641,6.071650770417721,171.9470231313381,papaya
55.62046591366378,88.57749676439086,15.96998315775856,33.074628888180776,64.70651101919499,6.336277397000913,145.68884426329663,blackgram
57.94170197473838,81.31224113815165,57.31865332944839,27.833947206474285,91.48586457083877,5.884382385833609,138.01949979751777,papaya
72.55501986889882,61.520908214556115,55.203242353175995,37.862864702545735,87.79038622087526,6.3714672626243765,179.27497758279756,jute
27.770989857434518,14.472014849357485,52.61155839815928,23.968603427307244,52.951506550798335,6.451075762460079,57.98901564976468,pomegranate
135.31659266074888,49.77136230396697,26.33695494418793,36.21895880766534,87.1523358828302,5.393307169905917,210.6139128656016,sugarcane
56.91612392795374,71.93811103258149,18.51114305976173,30.35422505002387,74.32183835663027,5.664145607253969,77.04691056165089,blackgram
48.60340915140371,63.59303633629579,58.48526195776225,35.776902674847506,89.25222578135205,6.193492746188924,171.40870226850174,papaya
94.73241528346927,74.56109876858265,78.3775838296466,29.103119365227503,86.3264095094722,6.250811381374439,126.55441848032413,banana
37.08699350943955,46.05547427242628,33.59513120402552,21.166315818091462,54.86527531991915,5.659928909208135,64.19066113440883,pomegranate
104.92013180494982,46.75927189351276,23.579183829316456,35.66677580079117,69.56874945775819,7.660329598577795,156.94899573369156,cotton
15.433648171342949,99.75990933654685,41.74160950922284,28.525353598722972,68.63852114512162,5.389650918967693,43.246632178167374,pigeonpeas
34.677641713220495,39.86973231192639,192.88827741862212,11.879587073099064,53.927937563803326,6.196221436121272,120.60737799371752,apple
103.55734073221436,56.913307798577314,56.61259272795352,32.13838209614911,89.63047469231432,5.584139964995049,174.24430711419205,rice
118.36175987485632,80.09611173920507,76.6791499607401,33.3082445097861,85.8365013453362,5.585043621306071,121.99911268969306,banana
33.847754646174934,19.04646955268592,18.487780361450206,13.919073689982365,67.05624225967891,6.80612540789971,102.25043274286864,orange
54.02078402750193,72.60511028821571,27.262214026352105,31.938368597577046,66.76961020735955,6.486926242179122,121.77222547434914,blackgram
11.003955262364977,45.56431387978826,40.22885920928965,39.96508394896989,47.906544384903334,6.058260941548539,95.8403353337439,mango
109.13975735389761,17.986789521625866,54.85083682021575,32.0271866561028,81.76404505350489,5.7264624465182505,64.38198431664769,watermelon
3.87808494395951,24.256391069752013,18.059837564777766,37.015491397853,81.83778713805641,5.424055701004458,105.90839372229865,coconut
115.92168633060105,44.10038911962717,77.48913948945804,20.318285834512203,42.03511177315516,6.451445350420224,120.81720886452815,wheat
21.20731687030115,91.90397397959154,21.399953650559425,25.50986743331781,50.68764719448911,6.7934578548650055,69.45816214997883,kidneybeans
12.270910054113294,29.00909868006961,47.974052669181845,35.00589900155998,58.70295380330083,6.466594243422799,89.983803145882,pomegranate
16.9375521959917,30.597100354426882,158.53387176511168,15.90975005626958,75.57616222567901,5.757939506786901,149.15142258318266,apple
86.93492627030032,73.63506158335746,56.33949555529093,27.579244973487654,86.4547054878483,5.596951392626715,135.1217019638488,banana
10.529846993221774,21.124727880515454,18.22821863520931,33.693320100157635,55.0548056778802,7.460538202275298,123.0638640214264,orange
26.724236469269613,62.19711526679552,28.385643218900917,34.349555286677514,72.85607017565752,6.7197424864372675,118.17968112843865,mungbean
98.38459006931706,35.14015600334271,62.290073332736426,35.882175834907045,68.39300792661123,6.629905215304946,45.28853460344753,watermelon
123.87407507551038,57.84546294341854,47.87418560046388,29.444768615371373,78.19193665554238,5.423271797139723,249.34466642483252,sugarcane
112.30809476176228,19.853929889692076,42.530136355947185,26.10735256330168,85.7623490558874,6.7675665694945755,55.1920698021986,watermelon
82.13738409564068,77.50201349629354,61.195025020728245,34.22354521850404,74.47270804784186,6.140486178911212,66.08536270511999,muskmelon
115.80340691065258,78.88213898493953,74.37299804281903,26.650265816913155,88.4228399417938,6.6350370410261785,20.55861744574122,muskmelon
83.07524805244833,62.55678267022495,45.00835605623281,25.902123116754385,71.79753703472322,6.600912005659086,201.14378571533373,jute
15.442037426073432,58.66824560073842,50.91498762871051,26.248345993121085,65.88878869939055,6.461119881672536,44.125234385349245,mango
90.76646283966517,25.958948415856074,43.50161659987515,26.820285027680903,64.25580464211441,6.375639462186883,234.54929340466165,coffee
119.5490101295025,67.08003871697181,36.19871390841679,28.104399532517057,70.62873931816127,6.74717137600552,54.456221605800835,maize
36.51203201631447,44.41452031272628,46.39221222636397,28.74616268844033,50.29826467193345,7.204096831609386,73.55308790610749,mango
48.72988219124615,80.97501946621426,128.97304900153506,16.667217412006636,58.7064184861679,6.0208387818541995,173.13662569794496,chickpea
28.347068798620278,18.594184256999924,152.01650805257566,4.827277022169055,55.35886630262898,5.837747996734847,141.8449497175458,apple
23.434522021116862,49.043133298900756,176.61521819240832,21.727723881026154,52.49116273430559,5.691051868708683,144.07549434413178,apple
3.0257872262939856,58.51322628795231,39.785124772301174,38.08320257201045,59.241507560744466,5.8389030684004375,137.4881967442144,mothbeans
29.39791851407411,47.53592547271255,18.20151754341336,32.50619047273018,78.6700375340487,6.234981873516154,126.92312035414378,mungbean
38.459125379756486,64.54605045246734,48.19137173790907,35.314507243414084,68.63135800662678,5.527423224279248,65.27503054069709,pigeonpeas
98.3976780517585,34.278924650970616,47.539994111822445,36.879469342106965,89.0198433406041,6.037197865829195,69.68955709603279,watermelon
32.14167107305711,29.91208403607012,15.053260043425647,20.919429233082994,70.80722946267039,6.442396703705796,101.52648396460297,orange
119.95618799052306,64.31051074973698,56.18823497316681,28.378106503243025,67.71288268185336,6.719182467224648,42.03666207684255,muskmelon
35.436946816672126,63.90445496862597,16.320411919826885,21.237227214098855,42.180469467694444,7.673421441166923,42.21821184524476,lentil
97.20436535571082,61.33844367905286,75.7557033220383,21.82895816836796,44.55024639198253,6.4675831016933225,74.84891398144657,wheat
80.92188353626429,75.8698619963098,48.428266602996246,28.41300815404695,68.38804297935395,6.191112107543144,58.35577299088177,muskmelon
74.98887882029506,61.99474251104821,31.517193114726865,30.539576093379,86.6472707932199,6.805648805363342,183.64778382802893,jute
7.7917521057570704,42.641340092082736,190.1280374075814,11.673399074133451,58.95351983443282,6.138092725796453,128.8152135777403,apple
11.804354407371411,39.336073973396225,193.56384940605784,4.621959179004669,52.928562816054466,6.3977958063920255,134.98954636473985,apple
117.12867182590378,81.15220872627066,70.15213935074179,29.02885235724795,86.19123234859339,5.704801524939167,137.10647348035315,banana
86.37132149397834,77.41557584512054,56.075948318238666,31.211508885299267,83.75079348491622,6.249986984379976,150.988994820561,banana
10.666247685300178,28.64373929959846,15.77032941982981,32.83331155121773,87.13972535523831,6.987546205535863,245.78042715815,coconut
31.57127864558709,141.01038172973838,202.77049640197913,13.932948537530475,66.36110066743478,6.343144865029745,114.42130159896179,grapes
107.98111481610287,26.480709558066255,45.535903438724986,34.652243844245874,75.74016920056867,6.778749601085551,60.2799268617094,watermelon
81.99124006092175,50.74000304789982,66.16943119781271,33.004253969638164,88.32123834842783,6.594415893737551,61.63180053970367,muskmelon
31.377900966872698,55.580159972594586,17.80717547193339,31.554298664394558,76.98273272322244,5.85346349799953,143.5162010746778,blackgram
23.37895811213217,45.430384081771834,28.220691504332315,27.407145590410636,72.5383255862779,6.37379885713524,56.38260347097136,mungbean
35.72826354203367,65.46177954306897,33.786802312652085,36.34932290535905,48.989183863674825,5.568016466600248,56.97077464689612,mothbeans
22.712532320146266,106.55328910174406,203.48715808618596,29.855424096929905,78.4823702275416,6.437481172399105,119.1927363266592,grapes
92.51405684270148,74.91783343505634,69.28899545638245,22.098417217921746,59.76350100132152,7.038414846776779,134.91956515653192,wheat
55.8049953909827,72.65335636754209,76.79378916883644,21.48990161536075,33.59636744127595,5.882024207052108,101.45639828566725,chickpea
36.200697566432034,96.81201082290993,37.965587538375644,29.655747142210856,62.262777776747335,6.740364812346353,92.34750169238296,pigeonpeas
22.932166007200063,107.18498572152178,203.9504162498572,28.953885444040917,56.34581672883151,6.122546990462282,80.8917722843766,grapes
106.23109207136721,85.66479994857636,48.379448908783985,22.48635863698442,81.50433880352512,6.069511869344421,187.66052783705985,banana
20.150937748985363,25.838061244481803,38.915775575507794,22.891768424022434,88.60942276252445,6.726057558500569,196.27654234968549,coconut
27.324571428921864,57.302668348238434,47.26995758992259,26.891729835631157,57.451645824204306,7.0326944262093045,64.38499219444111,mango
34.317396559893155,46.67709789834723,43.06188970199254,39.29680171591207,61.57735601727495,7.3603304057251,71.65527839632995,mango
37.55196746322838,77.44196882487564,30.951919656076488,23.84007566925822,54.26320879497747,5.889087411131284,92.77487805617332,kidneybeans
132.56502742364648,50.55402929623452,23.31295590233308,28.759436801847347,72.74517188306173,5.4999138927952425,177.25084895645847,sugarcane
113.21549401255618,55.83243250620824,28.577203677174804,27.791363267623407,80.84109989090308,7.193028677380556,95.94632668197772,maize
88.12158958769822,42.44458507012995,38.20221215792119,22.732881456462053,92.9708356438258,6.312901009130077,299.9576509929196,rice
5.62613356934667,24.33263873404063,18.74563296489235,20.08871552034221,55.47866538176943,6.7601550610766825,112.65453111963772,orange
123.57815957938789,48.39875054662137,39.13064740687807,28.146287039751403,82.85131808445317,5.182782972663553,129.89055047002012,sugarcane
138.31736484227082,45.8897917183686,21.04733235282223,32.00965713847532,70.38860998205323,5.967726279541842,98.45853410670487,cotton
0.7719652890793904,66.13727696697448,27.6881786183037,36.43502857035031,51.77383440726809,4.170496263063933,134.72094875733887,mothbeans
72.786282241505,41.24536331538045,66.0666730150354,15.527895155856417,65.93074749518911,6.709814860037335,146.81934279147217,wheat
86.42853396763942,79.13061854117896,46.340809361096376,32.31201753195961,70.92363170524516,6.9590796321811474,27.742184533365496,muskmelon
22.358126236405685,69.27939939934754,56.148996814952305,17.6585429665853,70.46687802729753,6.295694500061223,64.99162061109044,kidneybeans
23.59408994435499,45.761931420051056,38.23658586236972,36.043729660504816,76.87336750838881,6.712284743050214,128.9438398815455,mungbean
73.06910593585128,55.34599321899107,75.23771617827708,35.45636707391138,84.67051112683909,6.749168606534942,107.22717090113515,papaya
17.048456885001784,52.12354634967592,14.663568764693718,32.74724074449916,65.0108884854264,6.533842064343386,97.12507166235281,mungbean
75.54905391506188,49.611964938014665,32.8489582568513,29.093939779655646,71.93289668575504,6.176896950823984,298.10042378693186,jute
113.26225096549798,40.527450376562356,33.512010492828175,23.858891866686868,91.42265947576209,6.118218063316261,165.16840141841854,rice
16.914736362363485,20.343007245677544,17.399977719199548,28.51949667901681,81.36748716928318,7.144927785304739,172.26117248344497,orange
52.500455376860856,58.78077671655832,20.57843999311764,25.367704067782736,62.741358850808965,5.759805446139868,55.441012775017796,blackgram
22.532742510367488,108.03339051726694,202.46515062579402,10.785906927296969,60.87940554105286,6.443766382212014,147.64896611478872,grapes
29.838560480782586,125.77476293816991,201.19168605314,34.99447288033008,69.59448297197268,5.83404554841996,60.68209929639906,grapes
117.33142175729608,30.729303307054465,25.87333957050638,18.090754499737706,74.4242414246381,7.296061097899974,62.174114828814965,maize
86.41193987732943,35.89810106825136,29.845782608279347,23.2082323940865,57.65801289038852,5.941223905422422,79.91126470318694,maize
102.99813972918565,95.59724223560391,66.0351534998311,29.603944425395206,87.81911344100057,5.971368110172998,186.8628170510361,banana
29.964623161034826,52.6069302489575,23.436740345333895,15.566839818259414,55.07195583530607,6.677359208914062,82.99083074231521,lentil
50.614789324813756,84.39814200593545,89.62283345696316,29.601914246651518,70.90093443747969,6.899168687031602,134.51798382956304,papaya
55.789317316961885,97.03182754031215,18.025568360796626,29.02704230141264,64.80645761489662,6.038142351199206,141.46651074237494,blackgram
111.06820029101141,39.50766015468833,35.084782400582775,29.238416411958553,94.04232161241171,6.196029796674973,235.50917551340473,rice
53.58713750916902,85.3792029269392,111.37434546342925,19.402919312519245,23.214164767571038,6.447726395827717,118.1276694798673,chickpea
5.401525467221897,19.373032739927705,28.77156479172066,14.645801389133563,89.11973694952938,7.491431978641589,155.5617154682403,orange
85.4920013086228,48.57160257196173,29.86467853545828,23.61007860349936,73.79562864891703,6.405973117318942,241.86245533388953,coffee
46.86540069661492,68.47836361031894,107.2424280783373,17.648312883642607,49.9247288621508,6.270802326407807,170.8145666133649,chickpea
29.445269215904304,61.17174820021483,58.98130214649498,18.33097761812088,64.17994188094534,5.591706445018335,91.32290497027552,kidneybeans
13.977004507751523,68.20755915669419,30.747154984537545,32.977164079799174,50.22649087322253,5.4090443758011695,116.00026045745994,mothbeans
118.72088688182956,46.58997314910641,46.678007161378765,25.938487380175765,62.56225448424796,7.318887328073262,51.617428587727645,watermelon
107.9462792032496,70.2870854409771,62.56339686754501,30.52848898381209,77.068482325955,6.091242905750614,131.4785623716958,banana
19.826156835329883,26.844756177363266,170.5261392175714,5.552369116803612,54.09113315088375,5.696688558231213,105.53323871633461,apple
15.669110545247129,53.570870449483465,18.270576907081008,13.154037262590075,63.24164867828025,7.893582344563241,37.03082925033762,lentil
8.363894583584571,25.21412520173062,36.10604621660689,36.535916997395866,52.76516977815528,6.630831879505076,41.26054941918164,mango
100.81369454587748,42.887936359167036,41.22610008823224,13.865243327668205,53.87868870217949,7.302408758112571,122.7169069766308,wheat
100.60768904552855,40.986104791720706,62.4857901531034,32.84326224072864,63.442258750145754,5.752275316032304,71.77201690134744,watermelon
138.11260068010023,39.80227626090122,30.632748463791646,31.573243994485466,88.52802031334184,6.752638866284623,115.38519438753846,sugarcane
51.77276626359827,83.71182808140995,20.04117581613357,27.207100216855586,71.61522183904506,6.2255206686368,122.88341471223035,blackgram
17.35740998525495,11.113315982586172,34.79623735561284,31.67905301116408,89.21136106963553,6.063821393762605,118.37006744584019,coconut
80.00908152873022,47.45004613242582,45.31638233692787,24.649799009330312,59.19536489115072,6.060181788104993,110.14071242085747,coffee
11.302010700745555,31.160331613911865,42.14905762128565,39.98189403723482,41.64898920519466,6.657083636407063,44.954329482116634,mango
27.59912250294817,61.78640115508895,33.404970667848985,20.871540303342833,79.6976447382482,5.811828807879063,92.68677692220598,kidneybeans
39.54023568330035,88.46051601247274,36.73022213024191,32.580697897013906,69.98377201559207,6.77535470640632,83.31769491862228,pigeonpeas
33.75973887768099,30.496335059572075,42.65137852577749,25.598837988456268,53.47235542404628,6.655226161274268,74.25442322512869,mango
35.200368726569586,70.43324320100035,51.96908425166107,24.887602692353045,40.99562890675004,6.29253680971679,43.7680503888803,pigeonpeas
50.581851449041665,75.70154097379347,78.65746239906228,38.886275395829585,86.1336405812652,6.12210370379499,193.03511771330676,papaya
102.76030370451265,58.22353561509324,35.20761313885504,30.322356933621236,85.27196452519796,6.6716518558210325,149.8286549673407,sugarcane
109.88898580354348,52.46813285971248,52.24956980913602,37.56762071358278,62.1707177322398,7.321657722534849,35.39970139375487,muskmelon
85.60258237435745,73.93098461452766,55.58196657926089,30.180731939936553,88.93614540385235,6.374296560222175,113.45254922891846,banana
19.25104602046467,28.02493700432676,46.95599007987993,30.221078045905024,68.35151660183811,6.322305659188228,106.72242767841975,pomegranate
108.18344128533401,63.96778120451514,76.35549761545872,25.440361109698955,78.06890421437663,5.681507961621495,101.39817129713647,banana
27.506426915460274,128.2039006844049,200.7304828277066,35.98212153119578,62.050938964357556,6.1522811128184465,90.51971425753297,grapes
20.995088720223297,63.98560576275865,31.33334907500329,36.12086130386285,46.1549903321564,3.879278681465084,126.08075414310771,mothbeans
28.501369923014046,34.68624330298582,33.42799539371482,37.889599947620525,70.62397588483023,6.882779500194131,73.73141608947515,mungbean
84.97383365723482,46.25400855863457,49.12820748813856,17.302995801894134,73.05165160509463,6.020142759389,160.81342377087324,coffee
101.79904943261354,76.89997524709183,68.28954537253594,12.28808564371392,57.288650805004394,6.910072569574284,92.4130671302386,wheat
112.11723622561718,39.75885402069093,41.378639992955385,35.61813306457327,69.54034919391506,5.741882016315531,235.29102951237252,sugarcane
67.70309517587623,63.72755143889251,135.6454600750747,27.40029455507177,62.16281569764909,7.685338273614938,117.20469590125361,chickpea
18.00497090540955,39.77214869349464,48.67869636655192,23.46721813710855,45.98050386834059,6.138146791384519,92.88462599099505,pomegranate
92.63743289542548,39.16960996390272,74.98988293955898,39.01950883164581,84.15280130398578,7.201160394613199,73.03271803719973,watermelon
98.64726364510227,25.698084093726827,41.05214821631772,22.234040285534686,63.965539548839786,6.455669595039315,103.14011767400999,coffee
56.97507068055513,81.70637128546271,96.06965873225049,26.848675503342076,17.16257182176603,6.593065337856683,113.51582805189665,chickpea
89.07137911146128,48.54764314590888,41.067409187093176,28.012951309730923,91.21206407200634,5.536683202890598,187.8655416516031,rice
33.69450327762009,109.543655686482,201.19498840105777,17.563675160803157,67.33381834778137,5.734325065650527,51.96514827468478,grapes
33.49890078475098,29.59279808826361,35.84874814495892,32.57367176875209,63.06241394087539,5.623893037157976,74.60847517829535,mango
62.69757005057892,71.39873110309246,96.45916813469731,27.234326565605798,24.856541725856413,5.789063655808447,105.9700899186227,chickpea
5.162849877235258,31.91437593560845,53.401442611201304,32.074395477928924,46.8244481108062,5.832369999219498,59.96376859062275,mango
114.1969864350804,31.559680559331223,20.95231296118966,30.503356873991567,67.11413445243095,6.213693911080278,232.14595084594862,sugarcane
6.852981778174998,23.3520342716647,22.188905946545574,26.088803074685437,53.520241100458094,7.340301875247656,138.92663968090483,orange
27.28688235333803,71.57178096463555,15.651843022014766,35.198631763808194,71.92325595821355,7.0933416418276085,67.1970401843543,mungbean
53.4466135431832,64.51418386573802,77.05940279285122,25.35574540458686,71.99472809085,6.12695431537979,194.29127113917565,papaya
4.785217580642813,26.668346553889194,32.91049504958509,20.37045723357003,52.477495987981484,5.958072222952696,104.78810281035564,pomegranate
64.44267910404542,40.75397185632818,33.47607178575389,33.22034453638271,89.34947190241337,5.830898024852649,159.53375254290356,rice
132.27861963535975,43.78994611207984,28.664428550807372,30.92505603535151,51.316998279290154,6.164649515604343,122.37582942386473,cotton
86.21104215691076,59.18032914609587,42.96538696973329,19.906898012032244,73.30675448432925,5.770708164555371,87.56875430145229,maize
56.09820713115879,98.68063955195892,112.79315273119968,25.928478174499062,33.97405651327331,7.1408831163070845,96.09167270297763,chickpea
116.55258090499777,54.73181870622838,54.93778364581742,30.753017686509654,85.09860631102974,6.976182481270353,56.85013101913356,muskmelon
47.60264390074164,63.72863478397983,15.48721983053842,35.671092961030624,65.51459273961513,6.6948228310697475,78.8217582955867,blackgram
19.454884033005904,28.50477087734918,189.25359307817564,19.71786460226011,66.63467342963511,5.6797978134950755,146.77582309575794,apple
23.53734225665699,22.27808366656701,26.231851195988796,29.952378364435305,80.48095275641812,6.224622577680794,243.23477539128612,coconut
9.085963553477852,25.585040694320416,54.258311021741825,36.12813430809533,67.04960160138116,6.873209481360273,94.36480520608362,pomegranate
59.41620912094062,98.28128614187963,17.414055168036278,27.356221478860014,71.3107782923932,6.455957239642487,123.94179136658656,blackgram
22.384898226385225,76.36304138264381,21.1407397564517,18.16583833900276,62.974501276179794,6.127907778507873,62.65772585981954,kidneybeans
25.705273238830657,80.81488865763872,54.09400466735336,25.613077344220105,68.65649484364799,6.244049334912122,77.92103902884806,kidneybeans
35.54772859139193,9.609086655821812,11.208656279622842,22.84992998718402,91.93372754813424,5.834110472465412,145.8233227822798,coconut
111.8576224609391,42.18407699716182,39.36603069231567,17.02505238754221,68.67613364038944,6.043723250899943,156.6044765194976,coffee
23.16890118107577,71.58170991174819,40.94793545085236,21.42460402900777,43.53029537935897,5.439644703290481,84.23065153131921,pigeonpeas
24.13710061874943,73.81760565135957,23.313845229391863,28.703812099542947,77.92031045923244,7.061564284249957,66.4039947076413,mungbean
117.50103947038332,89.46626940875163,58.31698319443591,31.109363228417504,85.38920165137651,6.092190180429219,187.86975838260759,banana
49.44987870860459,96.33530189485056,105.18545342355975,24.842055661230297,37.85151476847818,7.0513326450604215,114.01975274104305,chickpea
59.90987267825504,77.12191167768299,92.82164165945895,24.68300986320223,22.20806588819171,7.248323561707503,197.28289733267022,chickpea
95.73282681540755,36.33665973964027,24.79639290099324,23.98620662921786,59.18916348261266,6.155154241052274,175.50176959092312,coffee
16.691838416449585,99.73559514956273,47.94907694815517,22.921054837652427,40.37248267508271,5.428206590730379,88.6723144480017,pigeonpeas
4.213355769798572,48.619426280317356,67.63454191578789,22.654267686736333,44.85017006661135,5.860802629773921,76.08828958525996,pomegranate
27.37450310941692,134.6379138233596,204.05467596336305,21.61212531255424,83.41458808019064,5.906462717952072,127.18360352301099,grapes
0.39838964817213274,37.48449975685888,25.104794959308236,27.149546163221125,83.69716864365104,5.01801132852895,147.09428340217542,coconut
92.21846537360481,63.71759739366813,63.203448313512446,11.372302560966324,66.3238258789114,6.398400063883059,62.95149212828042,wheat
30.017532117791983,144.16396412149112,200.48688364554002,18.304235879953456,74.14673245121834,5.850006868473178,142.83725519807916,grapes
124.38789700610464,50.989187088663655,45.14464924965928,35.4365421527185,89.02300367322061,6.071870157704236,173.27434489898582,sugarcane
60.72650851409325,68.2600559319792,42.12525078377021,22.23901690202477,63.89606743862966,6.1994064594916996,88.73267655905909,maize
27.260581417693516,43.97790563134514,16.37869568857939,16.738050766541313,48.16252472733933,6.176625442437156,88.10972315936576,lentil
126.74290586891657,50.36009870017695,24.047999770946625,33.49857265933662,50.303935520832304,7.199411302100993,187.86017266067313,cotton
76.2395162503566,69.38123487941097,83.83066610453339,15.097321256707897,53.87643965860041,7.756174531971612,86.1709483058347,chickpea
80.93731821469552,57.20703633777253,75.00034798975881,29.52184279616002,62.836690343231645,7.137577157384877,56.360829916164874,muskmelon
67.31351119475268,73.02843806242669,38.57122702982671,37.05260916423784,89.39853050690382,6.571260469937098,171.45016839985897,jute
69.02272990239793,61.4913020896268,50.04529176230451,35.7285528022395,74.27961859587813,5.656723592961752,123.75161205940601,papaya
82.67964377583391,41.12765361788889,49.78980318547709,38.22228729383366,72.47740962892529,7.08050005374899,75.09710212279747,muskmelon
23.059556125594636,33.68277738630221,54.29936231050417,28.574345058296373,46.73148939399387,6.5090058481096715,55.65095475772534,mango
33.33512122614755,78.8633038437693,51.16820458955534,24.614569861832063,51.8183107135344,5.643495379628263,62.275016644418,kidneybeans
100.61579566765234,47.4877817041279,27.593046175388263,30.853305199857573,88.93952537709544,5.798070635284869,225.97024099966401,sugarcane
53.444385848824155,85.58990848150718,107.36273244156503,27.23380470773653,49.50950853993182,5.600580645328293,166.84441398536342,chickpea
6.180833199620759,37.58251767091595,45.31380394039324,28.881886125467858,49.49371392623249,5.673934040511866,58.19318703065503,mango
11.679408545850592,36.05078583743244,37.899543494024044,32.17276147821417,75.92691550959299,6.532654500905052,109.26586478854466,mungbean
8.80265019138767,17.77062296012084,27.314544742135872,28.110558506732875,66.15244020989996,6.322116753612536,135.59683908322364,orange
10.145698973655023,14.561236338000398,10.230520281059706,13.258518089226797,62.37072445998781,6.175318140886408,198.58584404109376,orange
37.81664296579267,120.20669921664827,202.29651844106536,10.616952222272591,75.12295076329107,6.321259420372845,74.4655054604713,grapes
7.925229672943082,10.368035905015178,181.36292003179892,7.593009777304389,79.19434134280726,5.693717050776298,134.5828570309594,apple
47.463641124595085,93.34367913995894,29.29938594549435,33.77961015111257,70.9787735703735,5.505266276365976,54.001964073900595,blackgram
5.467802979561451,52.05322198769205,28.162011158600325,22.699047891936473,60.40640112801004,6.584666622566765,53.12177037777926,lentil
77.19940856484239,63.87642762186624,59.98673109751316,35.002835623066616,77.95731406034855,6.827553052274047,175.60625449687203,jute
39.68686857793638,56.22375804979357,26.262895275949564,23.77897300729539,65.20231479063173,7.6134295360894555,31.157761450291364,lentil
119.13902724663603,37.26165814534501,50.16406642217636,31.901054999273327,83.56456315988599,6.228216348611859,205.16746990788798,rice
130.4719276551079,41.596215204690836,27.78188655501878,31.877207680018913,67.31837087699394,7.704269720374015,197.3035081016801,cotton
34.88372214463186,81.27927199620004,44.34049370101387,20.902208258829393,78.94469376416743,6.357523489148907,116.2672578275274,kidneybeans
12.534776257214318,19.247228944954784,17.801321314952567,31.589425078478648,87.17043900791569,6.455179824674409,186.39358074599548,orange
68.08388753517964,86.04466095260489,86.4235472779296,25.000792403984452,93.84802009616806,6.721313150581994,190.3981696589285,papaya
33.26560160677324,45.841134612999724,46.584802495859115,18.424906681757694,65.85321519368064,5.761418017752041,83.53173747232755,pomegranate
76.70667983267978,44.65433940657984,48.383875066095314,37.20026805678401,83.23555464943277,6.076803048314422,203.19993074776244,jute
132.89689494673115,55.72687012983852,37.91588089603018,30.89576352821274,59.566004549634165,7.080837242507051,111.96413928126786,cotton
116.18109542295478,32.05059600929876,43.512795274523214,28.714858219705178,75.81917198998157,6.370887766443803,149.8684235723068,sugarcane
126.26917938886432,51.26296965687463,20.250910456305714,27.82967619454697,81.54210720999642,5.967978736359495,100.7970213502519,sugarcane
115.6220726877784,32.41069561158243,48.03308080416543,22.21947224687561,58.0426248534765,6.4717435183726515,62.8388283860254,maize
113.10441045396612,48.71458263805421,75.59345576353243,33.608556291302634,75.90157017637142,5.555682102525172,54.79938681068667,watermelon
26.829888018870935,26.947101078187337,10.190779080510898,20.072250776251217,86.28972669108315,7.110469546265927,154.28413743340747,orange
34.225580969566195,86.71024100794142,54.19113385182317,36.90593290779833,57.39949961356252,5.5936722680568645,57.90402731508525,pigeonpeas
105.49618449044735,62.26837026211415,69.5318204191323,30.03413866361352,82.95319774899393,6.64915062256229,49.05106989935581,muskmelon
91.78805479542112,32.848516710060686,69.81590956566158,30.06329455700012,69.08302822852275,6.418692020345645,89.07780966094921,watermelon
35.20426668825619,38.55846923363181,39.16126282529871,12.570127302512164,43.033755645449745,6.224423078494546,70.11895462907952,lentil
92.22639250911287,47.60523354062637,52.3631842255299,27.611574100985834,81.91370454193346,5.783775905798724,204.46234445979525,rice
112.1062497660888,49.878616498682504,75.9844995748926,38.662363304955946,88.2993033562245,6.780345733654635,60.625627087018664,muskmelon
84.37423612437915,55.891651717836226,53.473908057886106,33.54223582204888,85.83340560184277,6.11750732664301,24.354487882682648,muskmelon
86.58870987771924,67.5657342792135,60.58284465071202,28.002313168740503,69.58768278779995,6.887711861494989,24.33376089634867,muskmelon
70.50102708375903,89.42232793071668,127.00964969554065,15.482766048231033,17.625358432331584,7.415580809583847,134.63103512544848,chickpea
16.006628073659982,35.66103249667246,35.281573706184055,28.360581277921554,65.69395937775111,7.159936571798885,87.90867230488521,mungbean
77.3058286936467,80.24750065738522,82.97450290622922,31.026905055000455,92.7245222978716,6.456895734369498,176.91698695235874,papaya
87.86752789251292,27.12449915508152,28.996927789836086,23.35633591658202,70.02363711344297,6.34803993078352,154.37529767972697,coffee
28.53286918005089,36.37692987399665,181.2350334703304,6.780980727898646,61.34074848303206,5.602946144700287,171.90228204336012,apple
82.42732275802729,26.53369839484769,61.86459758654684,30.976751585897265,82.46016525752972,7.155849909090625,86.27458444199068,watermelon
31.54207368033026,6.687834181890735,1.1382956737568994,32.06967908206302,94.63974679088675,5.662427629246243,123.73114063925046,coconut
8.624362523287616,25.971970241031435,50.315768381251104,37.444940388080056,65.17364809318494,6.864577467861664,75.64716753520126,pomegranate
74.0164650629946,41.68372758545448,40.714957389336554,24.81583584604047,52.83319401207587,6.576489970739523,117.96472826930699,wheat
103.71938991021976,77.43976716007111,67.12490006146587,31.21644718700555,80.68602626716245,6.515969454474555,36.63550498095117,muskmelon
30.93003427795766,98.14294149649189,27.325414862870794,24.090501787805678,56.34746403711474,6.421097477091098,103.35898214165138,kidneybeans
78.19650885405574,34.041832440425864,40.76484025082396,18.74750157756075,70.2826638444937,7.493393707705954,90.69851347530094,maize
68.23448243585025,73.43854594214608,80.30103906746064,17.151279183544123,24.22594233767815,5.704816799711787,186.3015864114076,chickpea
18.334539177052246,41.1482927953621,31.031305750551756,34.58444532959927,42.443416386734775,6.370029188680447,57.55930586004447,mango
71.7626984870711,48.412742251431744,52.96090091574122,28.28934243196329,87.31124766344408,6.102842592157477,168.89327945690374,jute
20.894930558672044,0.2887978801487101,12.66385393650587,32.83505157876249,87.26058410341773,6.956538971997976,274.8207592132421,coconut
29.51711075995201,43.8971697029368,56.42685481634257,25.74408862524224,47.71188076567626,6.43007266844182,53.61871236829126,mango
30.264099931754185,73.29957897677795,37.61164886241933,35.316134291533466,57.21457118776169,3.546244875345223,60.72358017695235,mothbeans
28.823456774825495,25.3152664209508,11.829659158592943,22.846895869455842,59.263319651559975,6.271827065420426,181.03032991233326,orange
18.573269791806112,15.067962151187453,20.10056092297534,10.76241369631886,55.27241493989837,7.329884394253419,175.16797670314233,orange
21.31252176355635,124.7235324427434,202.95433133697557,30.19275620842562,62.669986699954435,5.864566427519865,134.36805296649777,grapes
11.066556326471652,79.86905634069066,36.17910063073593,28.865468718020594,65.14822460393411,6.581441082105609,85.6166965314443,mungbean
3.354949542080483,29.85607956372029,12.543649072650219,11.808709595901433,85.14122996828624,6.452751991339342,165.02969740735077,orange
101.61403307438799,42.335745539837575,23.902420094868408,25.291536559106717,74.01067067853715,6.567476502150473,184.92710368376063,sugarcane
13.97940729232404,46.869096821242636,67.31850194268318,23.804470729553906,63.9466354476404,6.149611757716848,104.22673090612436,pomegranate
99.13419148227428,78.6298883927899,41.85465892416915,34.4688211064154,76.9161219682085,6.671093157085976,270.8145064568969,jute
18.130470901034386,41.6875975310098,191.93108980990283,15.714618030822246,56.85277556925261,5.774011780385548,131.48411554087355,apple
35.0624196315487,16.33145024236392,172.7830410776546,14.536781771037017,70.75591724482533,5.883069369726507,186.90990687247285,apple
76.27219203806894,53.12932422713358,43.61969733599097,34.91181046277329,72.52004055727988,6.196419215872018,292.7167238494638,jute
101.87715503941908,34.25269618600304,47.67302850968373,15.945554321122689,62.0150203309479,6.174968926785357,217.36387183191817,coffee
16.977355554303163,45.822710346100045,36.62277928870765,30.92786422114782,48.00299107811691,6.182163838106433,99.66238140631714,mothbeans
0.6614849824268321,42.59168006543584,44.36773609556726,31.93003597872353,42.21889561812868,5.762495243125876,102.2785607729292,pomegranate
105.92408509044286,40.73433535996896,66.15976885680993,34.27877723608173,69.2954135025984,6.128691427349234,25.45612699478247,muskmelon
37.835267998185834,42.86709940947661,18.09500359873283,30.347501235459504,64.86739426812753,6.3291839178087494,135.74148466508007,mungbean
5.092475149869,17.02689191874338,198.0133179246033,16.636064646092304,74.0411460639091,5.897634985732753,133.63127275049555,apple
35.35013390790728,62.8501074128546,56.88481743844872,15.76461053687492,64.37975833314546,6.584551646276194,83.59478788752227,kidneybeans
67.47976087219601,76.83367530469489,74.79585448248514,17.78257085689108,57.73826307234788,6.598504055805195,55.47616388220313,wheat
15.518910175915455,53.182633257134746,34.010869631983084,39.03091734501698,62.54269952593908,7.382668785573803,80.59703401315039,mango
34.44608658659077,92.60295962730439,54.142009118332666,16.159075894007657,60.29801471217212,6.530683780539709,89.91517724347273,kidneybeans
29.58067118022777,36.06523522825818,15.265343573964884,28.213271679728727,79.47496428235921,6.59715249994292,109.89900906310265,mungbean
82.20626362407143,72.82566241417915,41.50789561690682,30.50754438542534,76.26899926863237,6.222151197940692,64.7788287541446,muskmelon
32.154226363364074,54.713798894946805,23.743040417880643,25.671608285776866,66.73853749928077,6.629799552871344,79.4348166515378,blackgram
23.3307702699454,144.37795587776628,204.10424504631564,17.57022828333126,57.102060871635686,5.556625557377558,62.03781495055338,grapes
70.5832191903734,59.93471090957919,56.757017980181914,23.7226885160215,50.871816973498994,6.870882525417065,113.22642879195304,wheat
100.17823766677421,29.365692097073882,32.823995845000674,23.38784148598063,73.63036856727086,6.116112345450672,160.798804097043,coffee
20.708004344923566,75.2743050088733,46.15353559266505,21.369608684292373,58.10805760663713,7.328061897947245,89.52539513604953,pigeonpeas
36.75822586385236,91.03445754634608,23.359580055566358,36.02556555994216,54.15301453449471,6.859655362214996,39.80274618850465,pigeonpeas
67.82340697214177,88.163987375898,117.78889533430858,20.89211575428808,36.716952092202305,6.186080534382077,81.95671798549081,chickpea
119.12882674106234,25.426757041366947,43.97473913314346,19.34450528425043,73.271758644404,6.2100055021478315,186.753964467481,coffee
117.97398968158568,47.57594365360558,30.619596569735062,25.14841289962421,70.47851663670207,6.332249696694165,159.95336855092256,cotton
95.42086142752638,50.3344218766512,28.92645353956462,24.780263914308193,75.66655906150272,7.246645831721615,81.8145676989624,maize
99.61184260306388,38.39801690837828,58.64595841989582,31.59265991704499,88.31531078767101,6.111720746234353,212.94000936416847,rice
110.652162844756,29.917943703290554,52.401360960498,36.99148387825283,86.01456453003365,6.846016332577354,42.81786534446004,watermelon
30.79323577806305,103.48676319499673,200.09014504479455,11.479294104158146,67.31496141092138,6.433192917049018,113.74024812092216,grapes
10.938980614999192,49.45892698476291,31.549720713439232,25.739417391466247,51.588631154366354,6.206946384121441,58.93799292202914,mango
31.493953936388284,20.826707654025345,16.477911051607585,13.406264127299448,85.50252287264766,6.706143588581405,187.81151969857012,orange
21.9848920442414,45.51270561343276,155.2330316953948,19.743550252653343,56.30142011876209,5.894083648510032,131.6602434827413,apple
95.54487413172255,31.393512381599933,48.226345557043146,24.21681360793479,80.9757738947792,6.448885537253333,294.8448049611839,rice
101.35826187739735,62.46721185012382,48.34983529594517,29.773128941766387,76.28960602918818,6.343332354891937,171.8006210107648,banana
95.74727543962452,47.67492737618006,42.44866632574288,33.8637413924084,89.67650050261759,6.250244557425394,22.801089193956425,muskmelon
31.73203474809121,120.49277073615734,202.59007674454259,8.25374677418546,67.68059858972278,6.218068161200861,94.26937019674358,grapes
83.89467575164885,41.19115990429988,30.367387576124393,15.090769404444526,65.087024225675,6.117377210862486,222.83039057807073,coffee
37.11876247148179,47.15005633365417,36.09437097441769,18.081197874608275,69.37744836105955,7.919668762797754,53.03956938892562,lentil
10.855255803183383,44.2043768798976,167.32346435393336,23.353088388339867,79.3920300432158,5.768276020453556,104.09782222498905,apple
71.89148817125306,49.199750158529625,42.339119161986936,28.126910607341934,83.44767686583407,6.826064684548285,250.96381963668256,jute
90.18817551480527,55.69469523564967,49.760808948568354,24.118147552058588,81.05853121100645,6.142419278206315,153.97669658124326,rice
24.018226793710447,136.23036439395992,204.25066367342518,17.831111371441132,83.56780235086971,5.549860146399165,64.99092532471397,grapes
22.064514285847864,33.331104368373076,25.481524670253783,29.497642341491336,73.4445076109435,7.151032924748606,98.5608317996847,mungbean
48.61677586256996,70.99347954351535,24.19925020262848,34.901773770124386,70.91406032065896,6.441445532352682,143.5250314394333,blackgram
29.490671252448813,136.72255407014455,202.1603364253331,35.0772845690701,72.86244404860325,6.386595441502398,91.09425523501099,grapes
4.279650446984933,38.778398706798875,192.72843320163204,6.166855188203277,50.62728537005705,5.7230900184453555,105.65156907967574,apple
16.825209475152775,29.23766432337214,168.8155908477499,8.7165389691894,51.568060026847895,6.185538620562623,143.62144171200453,apple
19.2526326648604,63.97042787975649,26.96330498696028,30.671761670818025,70.79896454442769,6.3975845858283185,93.07166216080104,mungbean
92.51378512022673,13.921781524437593,61.072686642016535,24.913585255122822,63.316294989257415,5.938778778392493,67.8610149929285,watermelon
110.38167132704362,43.10987656996863,29.839023384469648,25.169304992432238,68.67029793851738,7.958591240877048,86.61507096972187,cotton
80.25691028421768,58.287291117375574,39.696087960622656,28.744278082663758,90.54528438342767,5.863629602379294,295.7673124081441,rice
99.7182788662344,29.904678509468134,23.20402112007091,27.394237431967234,56.50567362250744,6.14882513878414,144.70993017550063,coffee
115.69911375526353,42.84552444951943,58.999644571310085,34.52705970216029,92.7951418320104,5.794448892069585,207.7646592902888,rice
23.357578021656927,60.38665066760729,22.932658084830617,18.350571567410533,50.99856647790371,6.254265565964703,78.84542731401469,kidneybeans
60.99886648468198,57.961550717205036,37.124356702567724,25.644986853404887,84.49196573695258,6.111592999957248,241.24792500116575,jute
90.75446179916027,10.841476098418745,68.9135681560085,24.519785547042638,77.85830523312164,6.578387588254628,98.12888143466827,watermelon
39.325384665521796,97.68282254816356,26.754341136651448,33.57901583836778,70.3529617803521,5.751051296089977,147.8456672184284,blackgram
31.399077013847712,71.61738691690658,27.4116860396942,25.32062794787414,73.50647053614333,6.8987438117706095,73.69278615111823,blackgram
93.23796684220274,44.79564373890848,52.04777542184682,31.90891388446097,75.75890685351985,6.492819584532825,194.9913104665534,jute
7.4241625582173265,61.68889388975714,22.482107066598402,11.681773603164986,54.530287068163744,6.181676362122828,39.0256113793872,lentil
63.87841147382112,71.63518928976877,120.08156745543867,27.088940492391984,29.2954060621748,6.291427287667977,152.561597760673,chickpea
119.69197903018602,32.31122243985467,40.8510568657566,29.804147103160965,62.17540312647777,5.784498737374392,56.069246971121444,maize
24.387276331031096,56.603938179601194,34.69086424934625,36.27697245380399,57.04805848806305,6.049331739575811,68.46609484883044,mango
32.24066018412276,27.718871750946693,0.20102013461247736,28.845175306212,82.96229422478048,6.821595822097736,134.91679693527206,coconut
73.09523327190385,77.99844735800902,71.45380057662209,11.341165034683893,52.52742327354785,7.318677461343247,144.473202229141,wheat
14.93856867170888,49.72683158393331,69.79252117215088,20.754870687854698,61.77906337985041,5.577618219503652,42.113441073603205,pomegranate
99.331771398653,31.48352301209122,45.17439824212258,16.889247001466554,67.64241859453435,6.031020708478277,110.67335183168646,coffee
73.01657750295243,95.35607259840434,135.5938243496043,20.114038204712934,31.339232678806,6.138343732915772,176.21636758313716,chickpea
63.319939188732626,70.08265628821901,97.45398015914084,36.657788641594145,77.13513225757104,6.766314378664348,143.239636018509,papaya
69.04316284042251,72.69221248852946,57.91195260507976,26.239691976549047,79.0011727885245,6.337454278964229,280.6032683186159,jute
20.204668738826975,68.34762615647021,15.171884298953579,22.95395066074081,58.43443024608947,7.35935026228127,54.585374146729876,lentil
49.856716641027006,77.52151939735603,16.83128132476849,26.465072185698226,61.44621149545583,6.615651021060316,121.18820852292892,blackgram
14.862924340648004,47.80120927156617,22.286462282382505,37.58518144285169,55.40060937403033,6.407038890509,127.3418210905363,mothbeans
74.59033145996725,68.89067727422636,74.22785872425143,22.453297968504874,51.915505888553646,7.002127704855969,70.4984295415821,wheat
76.03347921129294,88.73440875657526,94.39826561223643,23.81075392902971,32.09189324548318,7.898044003590916,164.83748638465914,chickpea
25.074144850141337,42.94473046134727,23.793927297002565,30.743516056820162,41.55740128612733,4.075097813484903,141.12697889835113,mothbeans
82.87626869265782,46.36022355342812,78.31066632704889,25.243398694267608,75.97080704583945,6.106728564428341,63.57034458888414,watermelon
93.32181305625787,68.76807113089055,49.13818965325195,24.94500874085113,69.2437948644035,6.975488529520406,69.9542450929145,wheat
36.23397559997223,30.64991292800242,157.68746560514592,22.121440066839874,72.72407152169309,6.2317052727231514,170.91807037944045,apple
102.65291520666128,40.53179647989126,45.46012048334329,27.658732022153654,86.47485315204409,5.540243443706148,85.16362826955856,watermelon
89.63215264292693,31.6042172615564,22.41742436859541,16.91312226423429,62.44943088739609,6.044879750280079,236.6239397029473,coffee
110.25015165689737,33.625509882101184,32.36839183494997,27.15148890134791,61.27197749726751,6.060223669998282,187.68146698891871,coffee
76.13960426610586,71.90236402548753,52.41447835694295,16.828302236227017,40.34861619724302,6.1086703316918385,89.24935564066848,wheat
136.24573019063064,38.30713462133427,39.58803681788055,26.251384448780136,56.0604700520747,6.205294646323657,185.15855940110185,cotton
87.84937126751423,67.6030141675519,55.615057841878155,31.236622014844773,74.07532488278315,6.551562762191315,26.037198633355406,muskmelon
21.370519751939764,94.71975733344442,51.703486401342744,23.619631059327585,52.5099023015355,5.909968537980579,77.86319088351101,kidneybeans
99.85291085137516,56.14586777973911,67.14640375307589,31.31344793138839,88.8425273353972,6.898916276735388,68.44867613911454,muskmelon
33.13512582406585,16.459574667276158,14.745087273142746,16.56584030915184,70.17684158860853,7.116074176842867,150.3219207182962,orange
115.78185914055439,54.24361138693251,49.002112695312704,33.328987672440334,92.05508115348671,5.686570058886036,283.88384977349665,rice
61.787523737359066,79.65655018491526,120.22758044588389,19.748065970024385,58.01354868648371,6.003239860270778,169.5669104707813,chickpea
92.22858102672872,53.127179311904484,36.27178121120538,26.10094844437899,79.33386241768817,6.482132098919842,276.1363065604361,jute
113.84496842120926,25.48440165617678,48.68875644540084,19.896793725583013,63.48101652934591,6.03121566363889,172.92604811573244,coffee
34.26821538266415,64.41339095300812,21.099407793174837,24.926519287394278,48.080376371833125,7.048296905867412,79.74670721599847,pigeonpeas
37.312785477353785,69.08127337129075,42.13569760919055,31.597186817500017,45.05884632655286,7.440578141752436,64.17091692611163,pigeonpeas
115.68448062764325,61.231324089505605,69.93585424838972,34.140706283269004,89.29666627922896,5.554134408402321,159.6856860784491,banana
112.94977847649199,44.281161133223115,56.6042870741973,25.42943843666987,73.1334443189886,5.961469180414108,57.47178729979745,watermelon
17.56522643219402,21.597918931443772,40.868804700006145,37.395854674008326,61.04497304395498,6.418687311187913,43.306092109529864,mango
65.74287333120971,30.945543441853456,39.25914501329798,25.285128433065367,71.4009223814221,5.963894192231951,69.54529979527574,maize
38.25036792109525,57.349115315839114,35.71253608575996,41.01247926247515,57.53977661947971,4.126002873534776,99.60298942535442,mothbeans
17.03046459721221,33.012857286696196,10.943715857380782,22.518560875403395,53.15286676033542,7.104430136109259,69.03628733356913,lentil
55.196381792964814,92.21082388829004,115.71914692027592,21.550838372335,50.866268824306154,5.721401706186089,85.23801504257266,chickpea
33.401198450673874,77.43896338842897,39.78413051596186,31.74116686859623,59.818349495890246,3.9677787565214944,75.35497759319092,mothbeans
35.57218895312874,45.22994308296758,60.3063046641189,31.523291371508446,43.600082488506644,6.297957601744748,64.97573789584541,pomegranate
119.57398056168157,41.5716778060277,66.19628492591437,31.641038915596873,88.46748654566144,6.368999610460193,51.92520943628068,muskmelon
135.3023950708939,43.989292684205104,22.270991819293624,30.041739168920106,85.08844148656509,6.803548057092457,130.52091137463938,sugarcane
102.21183301312726,31.103184897014017,66.21743913762646,27.73100087074586,85.93208961583193,6.118737124160026,81.64789923857421,watermelon
70.1815813078155,65.82583184105991,130.8332971733772,24.649864705136824,27.618027208364232,5.962756729291474,147.86745812922743,chickpea
94.21757349456247,40.076570897746,34.51407619581941,20.439063933918334,63.94528123338983,6.296890315971726,186.3390142960123,coffee
23.083120992506828,78.12693647575529,54.95628955140668,23.558292824249584,76.35006817662762,5.793808277618706,70.01843242035324,kidneybeans
17.764520207016258,25.627124367904006,23.600921127485396,25.878924721598374,86.3822171374881,6.027048014737845,155.7047586192234,orange
7.941714354728067,29.793138264856807,187.11551227668622,18.48988288964745,64.98855235996285,5.805214530128859,197.37425820384937,apple
15.65918921336063,33.798015090904165,0.009634980714658958,24.696234295346947,80.45635309481129,5.656294361030137,281.63791913930055,coconut
37.82146724910969,68.08860349835894,41.71799751792451,31.464181498978647,55.654824230915345,6.085190985492299,43.43828541014665,pigeonpeas
89.73207711931869,89.01648492771882,42.73393485792779,37.281576898650975,77.89522478108547,6.38274207620708,180.94732096154343,banana
56.8093053120584,63.53129994339666,84.13586051583877,17.32012954691869,41.49282727638459,6.817287744186725,192.8516183797964,chickpea
63.05622205814534,89.6001563065098,66.21568319377903,35.74246807266417,73.3854712454457,5.936940620808258,114.47106361365199,papaya
39.293711128936835,95.02226617398425,55.037357017812994,17.641005540564866,57.9472158049346,5.614589975192959,106.7081003949111,kidneybeans
16.05774197040015,40.59391572879934,66.6070534874639,27.923931289520922,52.707574806372364,6.5539406594854785,105.99404007736936,pomegranate
113.32488479213863,78.22605992919014,74.48510469061802,22.142741120873172,59.65725941917065,6.826286055913709,58.698675991141016,wheat
18.634852347854736,39.54858735740254,30.69523850307893,20.180157860223176,42.32457392351474,6.325256592631434,57.163448904088995,lentil
107.0815125952804,42.12848492976373,62.47507824966053,35.85413130755177,79.85580936645016,6.211059594304015,88.53151234201391,watermelon
60.891578932446876,74.39894072706677,71.12254800214521,23.436734119071282,21.80683663462061,5.7840950454103135,165.7698696175502,chickpea
36.0365179975103,120.98685675270468,201.8083304159752,11.685612672365172,81.27799066558615,6.283160029027902,66.81180975977252,grapes
25.618673955143556,49.56664182330964,38.797843617505045,29.35563922220027,75.57091642845378,7.05541615463118,93.5606497480966,mungbean
58.647237268050105,97.94523024226027,27.563441020144857,29.729725530370366,61.45367822005246,6.353228097649742,105.86814439372338,blackgram
94.29676136819398,38.399372809808526,53.084787995758106,24.431568731247804,84.85518854606366,5.9254364386164164,226.14155680266825,rice
31.762231409112047,70.26130470443914,42.54870718190471,16.153006550726325,73.99673912806452,6.887992080796246,112.46666329236957,kidneybeans
107.10099263022342,65.68338755760938,48.66004059511785,27.44284063506354,64.46220687244038,6.876269412173084,71.8801562027696,maize
70.87398396993962,42.6598506946711,69.64482597160236,18.617096697698678,65.25486330274816,6.209658564939434,129.52673118598904,wheat
6.867759725139648,4.1013815245057605,24.50371233103506,23.5073658177999,91.31423499552824,5.041021838640782,149.8751575991784,coconut
24.70229252838474,39.25662887334656,13.510239485289164,33.2485071995861,83.33905454811857,5.522400342547826,202.3804242539248,coconut
36.25016946951473,30.254866941805815,53.764185531017006,34.99553603036537,64.98276005358143,5.682266754306499,96.70485157604594,pomegranate
81.92580810912088,46.98588743585318,38.87796088309848,33.62971817308542,89.306054472608,6.050416773602209,283.5576481282899,jute
81.76263446281526,25.5583055100062,36.23810332825035,23.392438358556564,56.13962894871672,6.4729854449227995,226.32480649755718,coffee
13.27625139589987,34.9769970873757,63.024346900303755,40.48257478855204,64.09372498537115,6.140010970923707,84.44399647184449,pomegranate
26.791320033209715,70.75617218245925,22.241165329956548,27.35583827977705,41.57774413722036,6.376231173664794,51.51055502696052,pigeonpeas
109.14707118414435,49.03091066615062,26.662276120799618,29.18170986557413,86.2010522400371,6.457722884539894,114.3098915969816,sugarcane
14.78951243490755,29.442301676107235,165.68910716528643,3.4042655428076447,56.41403631988199,5.605513646401201,168.30695751901243,apple
39.47186376719587,22.24024420835773,35.09683133437596,31.093501060026192,65.73872366192525,6.517090565181513,60.72574623948152,pomegranate
3.4973078997456986,65.23019992163071,30.081498936801765,33.95371910174797,58.53425690615546,3.5948450338137263,127.33922246287723,mothbeans
26.390981257568132,66.04731677349017,52.412125493338834,26.39818056058185,64.53276412503197,6.306656166691914,63.57264828014978,kidneybeans
102.24704309389756,44.73287188149496,47.81331886575282,26.370111835401467,84.11101820188762,5.819342106751986,198.27605717865072,sugarcane
48.860042034154105,75.60116945543797,77.4420877796737,33.07489558014868,84.12684478700263,6.923057377358771,190.22456230962314,papaya
37.80316791231328,79.47242727195024,20.89818993017463,27.55587987044003,48.47048184602045,4.0590004290332224,86.38803936268833,mothbeans
23.09572069692224,113.55290141488115,201.24488449580682,20.658441351483624,62.63991297669885,5.988950926438452,90.74078813546853,grapes
40.38024809672422,98.36033774434904,106.06787548788037,29.745246460592227,18.189866485998962,6.942117962391601,108.90578503662758,chickpea
104.17437278859084,42.91076808050961,35.702041127660245,17.948044129155395,71.66304941732588,6.040052863304801,166.2750557202932,coffee
21.864898384427168,70.5404580259562,56.09231893768395,19.2651586472969,69.61831016539779,6.3022272474147165,95.77965630023172,kidneybeans
34.558281124600924,42.85409223260901,39.68694424713421,12.83839609731665,55.4901945651498,7.5856890676742434,60.28497364228251,lentil
108.70618728540825,56.25914429326011,23.842872390986003,22.059210071933983,82.8425092097815,5.949231223687704,68.60835119187567,maize
35.59863474986726,41.43201860751898,41.85023013267136,31.08020197737457,46.71691699917055,6.165875047069809,73.89491460318534,pomegranate
27.248370312861955,30.08619569030664,20.14307585354366,36.30487368326219,94.04514130097341,6.614741879584979,227.11869640163744,coconut
20.785915761585617,70.06977857130121,38.66371493742478,36.16095943282555,44.48792968442675,7.064934173958717,50.39119660936052,pigeonpeas
18.430837788106075,43.115792508276726,16.67589347496657,34.21860993059798,61.69518946550644,6.941608833943339,119.34258420162735,mungbean
57.280809801749044,82.46213664189852,16.225559394033432,26.759921748144315,63.11352251083951,6.445632622253385,123.54140255070031,blackgram
86.4583133625696,34.15219512555317,36.6041532862955,22.413730203508077,60.252679822808794,6.371135696126143,103.77986422316044,coffee
23.609660161362655,90.00336299794648,28.1780530493012,25.3140765149069,60.477947175429165,6.267741640993831,116.03202239107918,kidneybeans
13.66161301243948,39.466687674853524,16.345615532326825,32.239578297550224,75.74113307980733,6.514314878724693,58.46698142752894,mungbean
112.51111956841416,49.63026016478159,26.96054540926432,25.186958798937106,84.10883466091069,6.247486169728019,214.345393675144,sugarcane
38.144526524995754,51.94861819842115,27.716854055443115,36.23026782784671,71.924621596847,6.361650635944537,131.31202726214195,blackgram
4.1033824132408325,64.08946099903645,28.04102880970199,27.295400382126036,60.105564022336225,6.3503497274083625,63.16483536154756,lentil
115.46377172259182,78.84232980661471,77.77065956453735,17.113213249861957,65.86127952967941,7.266824097802606,81.91004732432556,wheat
88.99000152709431,67.80698460160025,46.61603618005436,34.43457913928952,78.43480777950468,6.026642263525197,145.15463609730566,banana
28.557908845033044,71.90745826881785,25.47208565122135,29.900912059766252,78.4369099909557,6.236252317514795,135.6130220353046,mungbean
45.35764877600001,97.18944446039791,90.21014536488906,27.709823531367554,80.16419519763727,6.033432998886348,179.10040740654074,papaya
70.13798840968423,69.83215425111464,117.17057757437817,15.648299058824358,61.08041459579805,5.990135413972617,157.63012935672788,chickpea
84.36054462563715,27.45619462782278,29.508278653018444,25.51474220539189,76.88721625989741,6.151233158730735,228.80471818668607,coffee
35.25299557859807,53.44065509913186,33.358040761016696,14.476728807396421,60.34547753767204,7.804388236765352,57.00126295298833,lentil
63.118277019088346,61.65185341204282,68.36242077803666,23.064536856191282,61.42260796397284,7.202592124604688,83.94501925428061,wheat
32.2438699184299,24.13909900513515,182.11048185013487,5.895157777171549,53.278383361044796,6.294384225092856,109.89686234087068,apple
119.90997556040801,33.55218427944332,30.641856701906377,20.209154168848066,57.878654459880025,6.441636800713112,162.2238483282028,coffee
21.709459131928693,78.78593425610768,23.0641446525484,32.70632004787985,51.80990242166922,5.68166997567036,30.236519276588858,pigeonpeas
24.848564011149747,77.2868979701147,32.42723908162331,34.49705420945553,60.92706538868559,6.7496696690036915,96.69914539018149,mungbean
95.57705108609565,46.54095490340091,55.64326146607043,24.541184835029313,47.74400298103383,6.9851049968119385,82.51900642246949,wheat
89.08177722780282,36.63098160653103,48.37094441000847,28.199704457767943,75.07067011987326,6.424591122001214,70.58827707922542,maize
21.751482815669874,47.79880532485903,45.45501085159766,39.854277558774115,58.340249687431786,6.241947425184338,86.32912165695029,mango
131.70380465153534,57.236963813388584,48.31104778460663,37.481762857270816,78.0364909680368,6.954615815983008,213.59653107016584,sugarcane
72.30837842892043,47.62750882654666,41.46198671392379,17.08100417664999,56.94523399787849,6.098562959142528,127.55276166950105,wheat
91.87017168006193,67.46422769179846,21.18030622005529,19.46531896812032,68.56597084850306,7.36775003505581,65.80780524883752,maize
24.729498244773893,109.51780371767956,203.68017700213034,18.880547844971318,70.1813407723551,5.662511065297457,145.97457214619692,grapes
12.148838143647547,39.31779686480885,10.965446687677534,25.242510751846897,86.63231170679875,5.113681141424777,295.6988929343581,coconut
10.901246761608272,40.96695430045867,13.406636315304816,12.052905358697178,50.430152244067344,7.525710955792743,72.55798173187137,lentil
5.207778394814668,13.25116419363551,30.833809592308032,33.0898854198737,58.89017955579662,6.9803705713273185,67.8630221872867,pomegranate
28.874126421324494,69.73491152640699,13.947121356367786,10.88725598242848,60.83067666985813,7.664451567007811,89.24441459064963,lentil
65.47774301707516,89.8583903688711,134.93299646036394,24.702903360258325,68.36615530118138,6.39274822432886,108.98999472799707,chickpea
16.5938740120638,39.308936616532264,184.29381375432322,19.99851076886035,57.49876943718487,6.109528509754064,158.5194785392854,apple
19.422648091337166,23.71568365395919,46.73475640528029,40.29472165374296,67.32255438214442,6.573514720183866,101.92776641951815,pomegranate
12.555174939350596,57.36838682353482,16.46629855313636,17.553785407462094,45.645239381587544,6.01660968224666,97.90401520266487,lentil
30.751622761030287,125.91066120050394,203.22575041650452,8.57695039672586,83.81100323866391,5.544588092734144,64.30619527234023,grapes
105.3691199525446,60.72631862428315,68.89845241355816,35.36856802029067,80.98712491640927,5.947942417177164,185.12822122165312,banana
94.19327422172651,43.406379456069004,36.916787631662075,18.39511162264118,72.37382798357619,6.283695472078037,219.4365414184581,coffee
111.97056874649611,48.03345035229626,51.242177333881365,22.26759842584543,94.54864778242991,6.332442640800422,181.85086660174142,rice
29.226164372341856,61.426976654421296,40.54088307649934,30.971365603578636,45.73879522606322,5.683323957811657,74.8243142408416,pigeonpeas
93.71718651036784,40.51610374727096,20.760458127918156,23.970609549322845,62.902532788674264,6.02787042679372,191.47191423221756,coffee
0.9988360173652477,25.98025901042257,69.43841208461399,20.416646426491276,52.71079455998927,5.960724925284929,103.3561686371785,pomegranate
33.84476742220447,24.714359735562198,14.234335569239313,13.632150243644666,62.651693949024974,7.464105879047857,125.68315745670586,orange
39.74631098397258,91.68076831760541,59.73470003528356,29.52447471990254,64.68618626282463,6.544563774805849,66.62658761646907,kidneybeans
102.87478757486929,95.77211573274593,59.00790877827798,37.121880117480735,78.21687343986243,5.574159105774031,189.14538731447493,banana
57.78642316195706,90.75038884918789,19.8478467724769,37.769439297624054,74.17240800870262,5.5936740335001724,53.516071328863866,blackgram
24.120554534583526,12.285308773733199,194.68870938809724,12.715417369681298,70.08045052288388,6.331573925910453,115.03106224839688,apple
60.040822880625,84.17445899844819,91.19415146496847,18.005404560051755,44.84136118744373,6.612503637833305,114.61584988075063,chickpea
15.02823221521082,40.31432488288401,51.209901054649706,34.89805604741605,47.803479490461974,6.912857459257493,77.10619478400967,pomegranate
10.287569204331836,44.19230741730683,13.578987418054373,26.3365113025661,61.54974580271499,6.793259470175378,68.93477236298587,mungbean
92.5167819211529,45.755193636546636,23.950607103086213,24.165531782596705,73.54944323784964,6.33886162060066,137.84721042027294,coffee
87.48497081642007,36.666487096568595,28.740832185132334,20.426132170278922,64.4216720086797,6.437952462499947,235.7948498515773,coffee
19.064818252421617,25.272305979233135,15.16528715774327,22.019654204493182,89.68063877587343,7.029975635031056,184.13567713051987,orange
104.50321561647748,51.11057932382387,28.51746191612276,25.544551523127055,57.25681484776517,5.827288879810093,125.62751516503081,cotton
97.05998988967444,38.46262339462506,22.44724776834098,16.14124708175608,59.29573650894146,6.259038749020172,132.09920180474703,coffee
22.508461733688115,3.989238893755296,36.87822520531001,24.25232732433941,83.3734520859561,6.11626831625643,252.8186000425963,coconut
32.844421109660644,17.42020109813037,2.8939403958994214,34.57892270717141,85.65424957529407,5.200734990190108,226.75580790865013,coconut
29.944348343273294,39.30404942646083,36.480943211792166,39.50906785555446,61.45375059450664,7.414269665079592,65.62630272162059,mango
17.18410973794187,21.086451961673106,16.57491976699213,28.010842555644448,75.75082432404979,6.499227541637508,175.48725289085604,orange
2.556926567677551,58.587497977398165,25.818973993863818,26.215622099228426,49.388368520450754,7.148323999219166,65.05286923186902,lentil
97.33003729236111,41.98767448011165,69.57898615536453,30.82109270385122,70.0111262272689,6.132937568122998,86.43970523764054,watermelon
78.46561969261217,75.57337700213087,86.69601851438503,31.165707903340873,78.8782941006429,6.110746447700688,140.919664378565,papaya
31.395319335511772,8.000356844509904,5.233694453952791,32.81298617188373,88.39824748365476,6.579347227585512,247.7610100157373,coconut
3.1410874376629128,22.421574096670835,13.282955632952817,24.479068565406976,92.7355176992521,6.0431990259822435,286.65528247581335,coconut
27.527412545965355,72.04348721860855,24.38499945320009,22.348412131962373,61.360719899990066,6.54233062871092,109.05567281709277,kidneybeans
32.23712613661434,5.2884609128119875,28.55658336334537,28.966978062432567,84.4197335459375,5.100037641804373,197.4499120690902,coconut
37.95526499597855,42.43124674517614,37.9655941508759,30.175538632836357,50.002961663287984,4.767055618102203,67.18345569169162,mothbeans
119.28178491145536,63.849859645628655,63.568468938104814,32.02342168406489,83.07119314311082,6.162185885711834,111.61807750118909,banana
32.84494504470898,27.399207915521806,59.09169908958274,24.46948063805903,43.0050797871199,6.028646538329111,68.2080960086376,pomegranate
51.197493187676265,55.297795567202385,55.61205359957943,29.36834977867414,85.35459309961348,6.706480489145759,189.9250306981565,papaya
56.52217391813592,79.2990177767133,102.14661739548637,29.609111500001724,17.502733078466285,7.787226828840518,141.47120995916467,chickpea
63.68428853884171,74.0301285899742,85.04275035019623,16.746941233374482,63.38718158502609,6.612719844229383,147.5291650440102,chickpea
35.37986139175454,37.0493494016191,43.636656367683614,31.044825080978967,65.21607639847582,6.825052447046367,51.22757125043017,pomegranate
117.83098868033844,47.88424155294609,75.01452959603043,35.56740454617527,73.61539691420735,6.810916491487093,70.97601049894749,muskmelon
0.9857761854529068,47.867559514927876,51.75979172207634,37.54567866115599,69.23317931915426,7.451203838313305,43.916605453987835,mango
81.23146275442987,88.95211106522093,76.21874768549662,34.72928399670923,83.75749908938134,6.171303513093516,199.01917892516718,banana
35.17969607497197,62.93201183186608,22.020912941931968,28.02965128082,71.77287339432124,6.884764042684495,124.80893657031264,blackgram
29.98106435231639,50.394962252256114,34.32461613514454,17.86740548963455,43.71641695886686,7.128883683307627,96.66109692207746,lentil
39.04080630097977,44.94222304908355,166.46890335171088,14.107089721592931,75.41890236606481,5.941274336750069,101.7957863750151,apple
113.00539502645677,59.410224165889645,61.73623408793056,29.571413691959886,65.4542539700085,6.128865582304231,62.84714845549495,muskmelon
75.9807513834774,53.07178823431109,30.32433250905589,35.74516396448904,86.0196140080673,6.104454518100152,236.52860716990503,jute
0.22376623527478046,11.711330729890715,39.76253804171701,20.742990860084557,56.00014344677716,6.786992834091038,91.57251546392592,pomegranate
45.63333710612049,87.35059299111218,91.85622877345146,28.643078548700828,51.905686116467855,7.085076247900753,138.31629622575372,chickpea
15.316656293190963,67.76894697895148,27.685161525262764,16.201033392564312,58.77001541894779,7.820822179156233,49.179342033081305,lentil
15.475946530260217,48.054722150366786,32.58608333510712,33.551119294096324,71.62244799858111,6.7298991758050075,134.344044366474,mungbean
69.17154835105993,37.37873185153524,34.82044119778667,24.425371312666975,84.2764275304077,5.673373595294755,284.5148136939638,rice
117.83105988985389,45.3029630993793,70.98691748727194,28.972244826674782,88.00779431103754,7.079939309054219,65.22882277870214,muskmelon
95.91858587391154,43.36510649037531,41.79311722678203,26.303192328397397,70.33184961265195,6.661718682643957,240.36741629498817,jute
22.542209817340478,119.23938349118704,200.8043014674255,31.811828221463365,77.76604403253849,5.605796520272799,100.61398526946444,grapes
34.732958546014714,35.72944588839787,35.45505538497581,30.666989184539652,89.696026049987,6.0907257042672835,110.24126983806582,coconut
35.65796793814776,78.08162666421899,25.392125907736506,31.917558182661185,68.68473393222791,6.081000131285038,134.1691768097004,blackgram
87.65958459632478,55.44945581196359,59.39434958864415,30.324926737209125,69.62136494952881,7.445874018109783,58.494780874603656,muskmelon
100.35612709350758,47.750008772182845,46.04426763132516,20.125797473368632,75.77877856678494,7.17623057929622,97.23071097370116,maize
124.89654566263987,53.43965567241915,29.45745998550902,26.351403353411357,74.33371309800413,7.199100355760203,114.34319885777937,cotton
28.378659559678923,134.9139279341254,201.69366477887215,27.16706144914358,61.14937698477733,6.2419953911261725,55.227910326875964,grapes
108.36741861631711,31.49937085979036,36.09124160129559,39.69908046662585,73.79428621990218,7.678326827750268,93.87679824438635,cotton
75.7643039359179,98.5832074320661,103.50911773232451,16.56015446592211,58.191206669747025,7.203425106132518,109.65391572544347,chickpea
85.24319446818812,70.64628406331111,77.29775913509403,39.209603488554436,71.07053197233517,6.203275310341131,51.10397759798391,muskmelon
29.820123414110906,20.213281333435212,25.90836299160919,30.042236879608566,87.37716983483683,5.343578218955534,155.7427430282298,coconut
110.89070227350024,13.021083441035476,73.10324869922809,30.842705373186703,77.88191793301786,5.679304462471358,60.24154470143678,watermelon
106.42129661745945,84.58571275739544,73.9687657877642,29.68427081065004,88.0561624283745,5.8594450261822395,192.67075043390906,banana
58.76093224096195,51.07199333115566,26.07978975882213,37.46422637122531,77.24543458705878,5.75183903770752,82.68203062517321,blackgram
17.093103327722748,90.9255469154111,23.997476262744783,35.86140626409756,49.126135544050115,6.6359834120764365,64.12515950341958,pigeonpeas
30.92952722050753,104.11089592256002,203.783232746762,27.80279261420206,60.597702906195025,5.688232199769046,68.42486515726742,grapes
22.44440435073603,51.34034344538054,34.70359161277962,27.671089912869864,52.33127696262792,7.5267813568827195,36.98341028266935,lentil
94.10189684983882,77.51860925735576,32.55310458359356,30.012768702673334,71.42069778088005,6.210793101550029,184.40486655565087,jute
16.445773459199483,48.16125810366628,36.52358796651708,30.50018319554472,51.72752280523487,7.45291305887082,97.27998141274414,mango
49.23358395155938,97.67861119175794,27.59436743792341,30.538010536531324,72.89433675629486,5.7656063828739095,106.05221848950899,blackgram
70.02251447405699,36.7047686515327,21.10014280800629,26.836824180787687,74.91413582865415,6.449261751499628,92.20852244845986,maize
24.379409957827562,79.44013792952907,36.2833989126154,31.71034623996823,50.68417486044905,7.409419124855772,95.53028906189711,pigeonpeas
10.0805893471621,55.24590613444203,35.55285139355378,33.37673123419874,57.78428026848381,4.539197959288557,86.93301688196448,mothbeans
24.750460836961377,87.16510949603493,39.6596520903809,26.579836053820365,78.44733607167406,5.6737073340211115,80.07990059907269,kidneybeans
4.3889520498848045,34.87007990590713,27.834215647378567,16.2080051351173,41.04717577219328,7.083283015666106,57.14915697800929,lentil
138.27199261937145,45.01203437130604,25.818228400492615,31.323193682548705,56.266481720154914,6.611155775902549,111.77385583820472,cotton
132.26774078778956,59.54575208287427,42.627447790462426,30.11153761336299,79.76594584986594,6.322028508494641,111.7683724475686,sugarcane
9.753563987837616,21.915053260911733,52.41519440547073,27.55097465509846,60.240219760694856,5.583457988993054,48.67574359851076,pomegranate
121.77929331201051,58.88305050759618,16.89012601541877,29.85089197218194,56.761438040202975,6.2308327850953935,79.71241284497465,cotton
95.29458391666843,97.38232290173127,57.28468702463578,30.621109875994705,81.69171460687781,6.064818313960197,147.0505078992327,banana
27.25842450068685,12.541428896956743,169.8123673408203,23.131623868516332,66.16942623350361,5.787879503334844,112.02709631286069,apple
14.755300862235568,16.958247178530478,14.42131671406591,34.77593541766261,87.8605650480138,6.14419963394325,270.60271179758513,coconut
25.092978780926853,56.80250678317788,21.222923620953726,33.31862413761201,56.26686658090217,3.796258906045065,56.9591847396309,mothbeans
38.626126990656495,10.59424490030015,174.05628459084227,8.000828114797507,63.473702417907525,6.070664578980789,143.5589158012709,apple
72.9889265630768,70.10781909219838,55.11972313965883,25.922586046879577,71.28335928309194,6.070225212936505,133.7237750835842,papaya
82.57557513185495,32.50502150096006,53.3144074778231,29.259255246565466,86.36333013870464,6.406354385094736,166.6796223459227,rice
36.77718402233631,54.141928902538204,34.39003310095532,32.51576368553224,53.10464969152688,4.520952212894574,82.25592366332683,mothbeans
3.423982112910733,17.3383153903546,187.92018365171015,0.5276765289437666,74.50633957681349,5.513949018691911,165.71188390612733,apple
139.24471631471744,49.485267891223415,44.1324217903242,34.2963020966881,79.8289554759867,5.106695993977795,168.21465138289915,sugarcane
102.0942008074989,53.02702885553755,25.412610797596976,37.15487818906277,75.51044003359686,6.266386920337047,152.02948750381802,cotton
38.78394865651524,92.3698334701393,52.82502372268779,17.927907214138884,54.29887974292803,5.539044324725702,74.2224905351208,kidneybeans
37.93478211155676,23.65302937334228,34.84343058098763,39.41119454157033,56.126204309210394,5.528393268943447,55.45791992581175,mango
22.996325720922066,77.76636289250001,27.074528483756627,24.931910232813735,54.738391172653046,6.856245525934113,73.8380787396848,kidneybeans
35.08510247594007,41.12757047025425,44.01782988022508,26.600677286535316,59.486680202708854,7.23599918379018,89.69115215940718,mango
88.98329530615604,60.00791742091141,73.61771002184081,35.51940013132576,83.67121812606142,6.526463435889137,44.27922449891301,muskmelon
30.24521127752521,121.93186635645603,203.12545776343265,40.17035439570288,72.39314325287438,6.040217266778619,55.032293293466395,grapes
105.6854849517383,30.35119832192712,25.550856503190975,28.7206513224665,64.58001481392809,7.069839750816012,66.12347012325263,cotton
96.32161846411266,47.65109484149588,60.684717234276775,38.62125530589782,84.13123242413101,6.098744765044731,61.55436800465491,muskmelon
23.773269357063832,21.872210888928286,13.283699281127175,13.0865893432684,89.20207771905939,6.590578754479556,122.74217287235292,orange
121.4221525951869,40.706579255133306,30.61367476209308,35.771222772779055,84.73232120799214,5.615591663361491,237.0682665809889,sugarcane
25.31371129732527,140.31170792020876,200.51737531823292,30.32313188158818,82.20956555314731,5.66874943839823,146.83269600992548,grapes
72.1823485787452,94.40067011638182,95.17457202253017,19.87329909721828,43.43765950795733,5.705171213953227,192.35013882391456,chickpea
85.05856981614285,43.702180058607254,54.487264111766066,34.5675155418309,74.12449258097695,5.897859559590077,76.1011965172279,watermelon
17.71343989012435,60.90214060408779,23.801987168738528,35.17174125760251,66.1851222094657,6.843178616869896,138.22124118173133,mungbean
108.34020917700319,53.414174575870085,46.04813841539776,20.47009452044122,58.357588581931836,6.039499223033979,52.854342804465745,maize
84.50719278424192,54.90754068049256,50.39015135041305,20.851301705328773,54.87627205236312,6.121569323861472,72.01832019498113,wheat
112.0915526545475,99.52813970907897,53.85454012433977,31.59006755617763,89.05717450222683,5.667041781338153,171.76455863427427,banana
6.649174482066349,56.65956604462057,39.83514596550102,30.581233824443437,62.79470975285165,6.177646964845614,97.12374679834016,mango
81.49015522456784,61.05389328775671,69.56498668546185,27.08815527702877,86.94450278951496,5.931732823842849,145.29981008299637,banana
32.12532355744984,11.76582248349822,199.604609351441,3.1284403131550027,73.88205576190812,5.894775316771683,149.22161832874667,apple
88.76236692239533,57.72159906540644,64.71252778357146,36.549604273099014,63.11878127737169,7.443547974681793,73.41324023327337,muskmelon
92.58070288836421,88.00750243321826,73.05076599450325,33.70152152296434,89.83999930242413,5.772547647893029,187.49894950244214,banana
15.380600777936557,58.66114787781218,39.51537768542637,28.782459596733503,75.88704658495351,6.690478407208067,53.98056832220873,mungbean
21.93379432675486,69.0584241503222,55.90820905890322,29.695376196537428,69.42978756920884,6.87523493803513,98.5645140240855,kidneybeans
98.72833775443007,35.31332038221147,58.21375753058743,34.401071501033634,93.72296585330673,5.870158700255445,152.3184924793301,rice
23.0617995980456,59.33363073656906,37.24803829307289,35.219231657986505,61.47954080625172,6.714648833586132,45.314700378198644,mango
19.523690410599034,37.09691345931049,20.839655545974285,29.801575008792973,88.67493654056456,6.378459472725904,121.37667501740628,coconut
45.53514250167674,87.40808995143482,73.48271284758118,36.744012591098006,88.65637235875514,6.406919070257833,168.63666065786794,papaya
19.07116438197737,61.693989899056575,42.352689396732856,29.802297646799015,46.157017803409275,6.738323516131418,81.87749291407766,pigeonpeas
53.837980714528115,67.39843330776083,73.45301701105768,30.0120461781426,72.6840279612667,5.718443107788177,103.34379855610976,papaya
34.394058876626524,71.11248573775669,24.904599164633577,38.0565517223194,40.25285202800037,4.151739717442641,56.513723867089595,mothbeans
89.22371512913615,54.2501175100391,42.94429402708987,20.09806352712495,70.07698229390327,6.297326055544627,57.31869960811245,maize
1.6055755266164073,61.863770539889785,21.76556385936819,41.929559296028756,57.945931770665894,3.5632419812856106,135.8649578902631,mothbeans
113.99837322012822,25.88737150118497,23.766493696954313,27.52523931716626,57.70111398441018,6.239245535053595,187.83455931899528,coffee
8.180173547711833,16.759399584809575,19.3969086996735,18.26982478569139,80.19760800633316,6.494030286374932,113.82320867853372,orange
21.161266777821826,94.24976166766481,58.42403240050085,25.32614004683561,60.931048823002406,6.9079004736920915,99.76818518254416,kidneybeans
36.59263903059923,78.93516783100469,25.243278208175987,28.618463106318533,41.61033117183024,5.185393557986414,51.360439545066825,mothbeans
115.6263382184737,37.90835670239518,44.304832698791074,20.585753723616925,73.74649828220672,6.456520733444928,185.81844455833095,coffee
118.71439696325663,79.11562643782999,69.09589175383806,27.931370512604545,77.76552357029541,5.943075932933449,116.5749015388455,banana
14.00946457308307,28.341970103435884,12.679497334995624,26.787795182025935,50.174383198263214,7.386976658107772,111.25041332380916,orange
30.04000918472376,66.19248153729224,18.299014707458717,37.625844269490166,74.54484639139957,6.024480070693357,59.28450865306205,blackgram
72.28865668085083,61.858341669124975,42.515802556937295,27.082932812694583,73.41872804841697,6.4181447881628,263.5924467413251,jute
73.15283924148267,79.03461023276526,53.47583167084427,12.731768735330489,63.690955214274375,6.988061663251314,99.8195716453139,wheat
52.91991147958629,99.59633091540553,20.180949930953943,30.34353014746995,63.312401188203424,5.806109587602711,119.33950025983778,blackgram
112.44418265221273,17.889706646680672,48.54149911535806,34.81748854663323,72.15003295762645,7.36308881421304,45.340584093760526,watermelon
6.096276801515255,45.52334626408036,22.645674160192108,26.939950872175235,44.81024084811074,4.42000589093935,146.15789710389157,mothbeans
80.33418816688554,46.743961937361476,63.23187319413903,35.715813430559386,87.49929308081748,7.058244977901936,60.306756215291955,muskmelon
132.1797856972729,53.18428719871012,36.45257488980688,25.864023235091537,84.16287623831462,6.167427175462728,217.29399657369387,sugarcane
23.912320536060562,46.58956819643385,42.580040412578654,35.516463810464046,52.32194630473036,6.50927457595487,40.441182673265615,mango
65.8187370207267,61.7908949007238,107.95189373120004,15.259501841114547,57.819445405187295,6.355118229147666,126.08104749642611,chickpea
90.16074139373168,31.54436253749968,38.359393927098346,33.8074565175665,83.59342836000458,5.644894872091223,223.41791404163445,rice
127.75798362040626,36.88794482261906,23.5265390045066,27.148698371858448,65.04980338047676,6.437479235707061,209.86015735875685,sugarcane
2.980418472745603,30.415708853948264,198.47196878379393,16.63702901325283,52.12748574315709,5.689360875791863,177.132314321685,apple
67.27989789122934,73.49898780146692,96.70693862622178,26.01981746779596,66.02741041237505,7.0466732906160106,170.57870718794865,chickpea
80.6449858548886,24.90628519576589,54.06839271835233,32.695750857328235,62.18208785331589,7.080262747452217,53.06684810605411,watermelon
29.33311634867449,10.008205788783497,21.923653388047537,32.89857509885131,61.51736376372876,6.278288962886579,165.1679794878427,orange
88.30997092048761,85.94987748946616,74.84748185401271,33.97310081795985,88.0313584580488,6.0365546710108,175.1876244369191,banana
0.36348139804865287,45.93190109195206,45.33281464417194,31.68276721739742,69.00905543854947,6.642398367925828,91.80589466736308,mango
34.88118939371467,19.001615961767975,49.07180895601533,21.1819723243483,51.85228976164578,5.765703182189504,65.453942413981,pomegranate
95.41769655088846,50.72254563291505,64.96595631396536,16.141174782868607,56.5614154255594,6.654189793702975,79.44657595419177,wheat
39.95672440510172,61.96755960928088,37.645743974763064,28.137683403026912,49.01895785745027,6.4283789142673635,40.49839169060813,pigeonpeas
39.90054982647584,19.740014562904665,7.135930077143242,30.20911076581501,92.21025103279895,6.553720653796563,257.7163530216942,coconut
120.29647754871235,56.22667574055527,27.338664508502966,35.23614025650663,79.7845051699721,6.089276063775559,98.46241357273273,cotton
28.281246772915374,13.549636699820235,15.044462684612377,30.268261630760318,87.88682467373576,6.203899121050981,149.76495545052182,orange
116.77086644664088,30.54372123137189,43.782743407184384,25.897596782089796,76.85637552442384,6.1213565898779,194.26396849218804,sugarcane
27.84643398172806,60.422684910977715,46.94066109888436,27.62642321588895,55.325570948913935,5.535290608532339,68.62475598758726,pigeonpeas
5.335969407099577,37.454889310905735,38.49482621209991,38.58210421829764,41.75772663130406,5.823222974178362,109.8992173939548,pomegranate
91.09706939203916,65.7120820064833,67.71204794519635,38.064513997938136,70.27002247382973,7.1546584610783786,53.681349451360276,muskmelon
35.22602309858311,26.516447583568528,176.87468768366173,1.1831918978200786,50.070424216023596,5.744799873001726,168.05830929187672,apple
8.80439320076654,14.023459342278015,28.449977926050064,31.316653827543018,80.99533729011796,6.589102671336342,150.4380704298767,orange
28.359681710138272,138.39781593552408,204.2807681099733,11.374080607269153,57.72162648243493,5.762695477001936,137.47660625539936,grapes
